BC,Well
GGAACTCAAGGTAAAC,1A-A10
CTCATCATTTACTTAA,2A-A10
AAGTAACCTTCATAAC,3A-A10
CAATACATCGTTGGGT,4A-A10
GTCTATTCGTACGAGT,1B-A10
AATCGTGCAGTAGACA,2B-A10
ACGATAGTCGTCTAGT,3B-A10
TTGTCACCTTGTAGCC,4B-A10
CTACCTTAGTGCAGTA,1C-A10
CTCGCCAGGTAAACTA,2C-A10
TCGTGCAGGTGGAGTG,3C-A10
TGTCCAGACCGGTATA,4C-A10
TGTGTTCTGCTGCTAG,1D-A10
GGTTTTATATTCATGA,2D-A10
ACAGGTCCAAGGGTGA,3D-A10
ACCCCATTGCGACATT,4D-A10
TATTGATTCGGATTCA,5E-A10
TAAGGGTCCAGATCCC,6E-A10
GTTCATCCTCACGATC,7E-A10
GCTTAGCCTTAAATAA,8E-A10
TACGGATACGAAGCCC,5F-A10
CCTACAGTATGTATCA,6F-A10
TCGCCTCCTGGTAAAT,7F-A10
AGGCCGTCCAATCCAG,8F-A10
CCCACCCACGCCGAAA,5G-A10
AATCGCGCCCATAGCG,6G-A10
ATTACCAAAATCGCAA,6G-A10
GACACTGTTGATTCTC,7G-A10
ACATGGCTACGTCTTC,8G-A10
CACTGCGGTTTTTGTC,8G-A10
TTCTCTCCATGTTCTC,5H-A10
TTATCGGAGCACTCAT,5H-A10
CTCAAGTTCGGTTCCG,6H-A10
GTGTCACTTAGTATTA,7H-A10
CATGTCTCCCTTATGG,8H-A10
TATCAGTTAACTTAAT,1A-A3
CACAGTCATTGTCGCT,2A-A3
TGTCGGCTGATTATAA,3A-A3
ATGTTCTTTATTTTAT,4A-A3
GCAGCCGCAAAACAGA,1B-A3
TTGCCTTAAGCGACGT,1B-A3
GATACTGTTCGACTTC,2B-A3
GTTAAGGGATTTAGCT,3B-A3
GTGCAAATCTAGAATA,4B-A3
CACTTTACATCATTGC,1C-A3
TTATCCCACGTCAGTC,2C-A3
GCACACCTTGTAATTA,2C-A3
ACACCCACCAAGAATT,3C-A3
AGATGGTCCCTGCCTT,3C-A3
GAGATGCATTGCTCGC,4C-A3
ACTCTATATATACTCT,1D-A3
GCTAGAAAGACCTATT,2D-A3
TCTTTCATAGGAGTTA,2D-A3
ACGTTTATGTCCGTTA,2D-A3
TTGCCCCTTACTATCG,3D-A3
ATTCACATTGTACACA,4D-A3
AGTCCTGGTAATTGTT,5E-A3
AAGTCCAATCTATCCA,6E-A3
CGATAAGTGAATCATC,7E-A3
CTGCGTTAACCCATTC,8E-A3
CTTCCCGTCTTATGCT,5F-A3
TCCTTTGCCGCCATTA,6F-A3
TGTAAATCTTACGTTG,7F-A3
TATTTCATTGATGAGT,8F-A3
TTTTCAATGCTTTTGC,5G-A3
AAGCCAAAGCGTGGAT,6G-A3
ATCATTTCGGGTTCTG,7G-A3
CATCAATCCGGGCTTT,8G-A3
ATCACAATGACATTAT,5H-A3
GTTAAGAATTATGCTT,6H-A3
TTAAACACAACGCTAC,7H-A3
ACACCATCCTACTTAT,7H-A3
TAGTGCTGTTGAGAAA,8H-A3
AAATGCCCTGATCACG,8H-A3
TTCAACAACTTCAGGA,1A-A4
TCCTATTAGTTTCCGC,2A-A4
ACGTTAAAGAAATACC,3A-A4
GTGCAGCTAGGCTACT,4A-A4
ACTCGTTACAGATCCT,1B-A4
TATAGTTGATACCCCT,2B-A4
ATATGGGTCATTTCGA,3B-A4
ATATTTACACGACTTA,4B-A4
ACCGGCCTCTCTGTTT,2C-A4
ACATACATGGTATTTA,3C-A4
TTTAATGCTTCACCAC,4C-A4
ACACAGACTCGAGCCC,1D-A4
CGTCGATCCAAGCGAT,2D-A4
TTCTGCTCCTATCCTA,3D-A4
ACCTGATTTGATTGCA,4D-A4
GGCATTACCTGGCGCA,5E-A4
TGCTCCCGTTCGTCAC,6E-A4
GTTGGATCCTCAATCT,7E-A4
TATCTTTTATGTTATA,8E-A4
CGCCACATTTTTCTCG,5F-A4
GATTAGATCCGAGGAG,6F-A4
CTAACCGCCTGTTCAA,7F-A4
TTCACTTAAAAACGAT,7F-A4
GGTACTCTTCTTAAAC,8F-A4
GTCGTATTTCCCTAAC,8F-A4
CAGCGAATTTCACATA,5G-A4
CTTATCCATATAGTGT,5G-A4
GGTTCCCCCCAAGATG,6G-A4
ATCGATTTTAATTAAG,7G-A4
ACCTATCCCGCAAGCT,8G-A4
TAGAGGTTCTCCACTT,5H-A4
TAACTCAAGATGCGGA,6H-A4
CCATCGAGTCTAAAAC,7H-A4
GCAAACCGCAGAAAAC,7H-A4
GCTCCGTTATAATCAG,7H-A4
ATATAGTTACGCTGTA,7H-A4
ACAACTATAAACGTTT,8H-A4
CTCCGTAGACGTTAAT,8H-A4
TTTGTTGCACACCGGC,1A-A5
GTGTATTACACAGGTT,3A-A5
ACTCGCCTTTAGCATT,3A-A5
CATAATCGTTTTCACG,4A-A5
TCATTGTTAAGAGACA,1B-A5
CTAAGCTATCACGTGG,2B-A5
AATCGACACAGTTCGC,3B-A5
GACCCTGTTCTTGAAA,4B-A5
CTCATTCTCTCGGTAA,1C-A5
CTCGTGCCATCGCTTA,1C-A5
TTTGCGGAACCCGCCT,2C-A5
TGCTGCTTATTTAGTA,3C-A5
ATGTCAAAGGCAAGAA,4C-A5
TTCCCTATCCCCCACC,1D-A5
GTTAGCAGTAATTTCG,2D-A5
AGGTGCGCAAATCACG,3D-A5
TTTTACTTTTGTTTTC,4D-A5
AGATCATTGTTGGCCC,5E-A5
CCTTCTCACCTTTCTC,6E-A5
CTAACGCTCAAGACAA,7E-A5
GAACCCATGAGAAATC,8E-A5
TTTGTTTCCTTTATGA,5F-A5
TCATGACTCCATGTAG,6F-A5
CCATCACGACCACTAT,6F-A5
ACCCCGTATCTACTAA,7F-A5
GGCGTAGTAATCGCTG,8F-A5
CATTACTCTATCAGTA,5G-A5
TATTATTAAAAATTAC,6G-A5
CACCCTTGTATACCAA,7G-A5
AGATTAACATGGTCCT,8G-A5
GGTATCTATGTCACTC,5H-A5
TGCGAAGCGCATCACG,6H-A5
ACTAGACTGCACGTCA,7H-A5
TACCGCCTCCCCGGTC,8H-A5
AATGAAAAACGTACCA,1A-A6
ACGCCTGCGTCTTTGC,2A-A6
AATGGCAACCCCGCGA,3A-A6
ACTTTAATCTTCGTCC,4A-A6
AATCATTATATCTTAT,1B-A6
GTACCGAATGCCTTGC,1B-A6
CGTGTGCTGAACTCCA,2B-A6
GTCTCAGCGAATTTAG,3B-A6
GATATCGCTCTATCAC,3B-A6
ACAATTTAGCATGGCG,4B-A6
GTCTACTCACAGGTAT,4B-A6
CTCTTGTCCCCTCTAT,2C-A6
TAACCGGGTATCTAGT,3C-A6
CCACTGCGCAGCCTGA,3C-A6
TCAGGACTCTTTATCG,4C-A6
CAACACGAAATCATTC,1D-A6
TTTATGCTGGTCACGG,2D-A6
ATCGATTCATTCTAAA,3D-A6
GAAACCGTATCGGTGC,4D-A6
GTACATCACCCCTAGT,5E-A6
ACGCTGCCTATTATGT,6E-A6
TACTGTATGGTAGGCT,6E-A6
CATCGCTGCTGTACAG,7E-A6
CGCTGGCTATTATTCG,8E-A6
TAGCAAATCAGAAATA,5F-A6
CTTTCTAGTAAATACC,6F-A6
TGAGTCGCTCTTAATG,7F-A6
TTAAGGGCGGTCAGAA,8F-A6
AACCGCAAAACTTCCT,5G-A6
CCCTCTAAATTTACTT,6G-A6
GGACTGTGGTTTCCGG,7G-A6
ATTCACTGAGAACACC,8G-A6
TACGTTCTTCAGAACC,5H-A6
GGCTTTTTACTTATTC,6H-A6
ATTTATGCACTGCAAG,6H-A6
CAACTACATCTACTTT,7H-A6
ATCATACTTGTCTCAC,8H-A6
TATGACTGTATCACTT,1A-A7
CCGACCTCGAGACATC,2A-A7
CTTGTTTCAAACGCTC,3A-A7
CCCTGAATCCATAATG,4A-A7
ATAGACAAACTCCCCT,1B-A7
GTACTTTGGTTGCATA,2B-A7
CCTCAGGAACACTGCG,3B-A7
GAGCGTCCACTGACGT,3B-A7
TACCATCAGGGATATT,4B-A7
TGGCATACAGGATATA,1C-A7
CTTTGCCTGGTTCAGC,2C-A7
GAAACCCAATTGCAAA,3C-A7
TTACAAACGTGCAACT,4C-A7
TAATGTCACCACTAGG,1D-A7
GATAGAGATTTAATTT,2D-A7
ATCATGGTTGACTTAG,3D-A7
CAACAGCTGGTCTAGG,4D-A7
TTACTATTAAGTTAAT,5E-A7
AAATGTTCCAGAAAAA,5E-A7
CTACTCGTCTTACTTA,6E-A7
CTAAATATGTATATGT,7E-A7
TTATCTCAGACGTAGA,8E-A7
CAGACAACTCCCTATA,5F-A7
GTGTATCTTTCGTTTT,6F-A7
TCCATGCACACGGATC,7F-A7
CTTTGTGGCACTCATT,8F-A7
CCTACCGAGCCCAAGT,5G-A7
CTTATTGTCCCCCCAC,6G-A7
CACATCTCATGCCTAC,7G-A7
CGCCACGGACAAAACG,8G-A7
TTCATCCTACCGATTA,5H-A7
ACATAGGAAGAGTTAC,6H-A7
TACACAAAAGATTTTG,6H-A7
GCCCTGTGGGCACCAG,7H-A7
GGGCAGAAGTTGTAAA,8H-A7
ACACTCACCAGCCTAC,8H-A7
TCCCGTCTCTTCGCCT,1A-A8
GGTGTCCAACAACGAT,2A-A8
TTTTTTAAGTTACGCC,3A-A8
TCACCAGCCTTCGATT,4A-A8
GGTCATAGACAATTCC,1B-A8
GTGCAGGTAAGCAGGG,1B-A8
TGGATCTGTGATATAA,2B-A8
TTAAGTCTGTAGGACT,3B-A8
TAGCTTGTCGTAGAAT,4B-A8
CCCATAATTAAGATGG,1C-A8
AATATAACCTACATCG,2C-A8
AACGTTCGTCAGCAAG,3C-A8
TCTTTTCGGTAGTACG,4C-A8
GCTTGAACATGGTTCA,1D-A8
GATGCAGTCAAAGCGT,1D-A8
GGTCACTAAATTCTCT,2D-A8
AATCTTCTCCGCTACC,3D-A8
TTCGGTGAGGATAAAT,4D-A8
CTTGCAATATCACACC,5E-A8
TTTATCAGAAACCCCT,6E-A8
ATACTCTATCTATCTT,7E-A8
CTCGTTTGTTTTACCG,8E-A8
AGTCTGTTTTTTGTTA,5F-A8
CTGGGTGCATAAGATG,6F-A8
TTTCTGGGTCTCACCC,7F-A8
GATCACTCTACATCTA,8F-A8
CTTGGCCACTCCGATC,5G-A8
TTCATATAACGTTTGC,6G-A8
TTACTTGGTGGAAGGT,7G-A8
ATATCCTGTCACGACA,8G-A8
CATGGACAGTCGGAGC,5H-A8
CGCTTCACCCTCTGTG,6H-A8
TTTGAGATCTTATTAG,7H-A8
CGTACACATTCTTGCC,8H-A8
TTTTCTAAACTGGATC,1A-A9
ATTGCCTATAGACGCT,2A-A9
CTCTAAGCCCCTCTAC,2A-A9
TAGTGGCTCCGCTTGC,3A-A9
CTCTTGTGCATACTCC,4A-A9
TAAACGGCCCTCCATT,1B-A9
GATCGTATGTCACTCC,2B-A9
ACATCTGTTCCTCCCC,3B-A9
CCACCCCCAAGACGCC,3B-A9
ATGGCTGAGTGGCAAG,4B-A9
ATTTTGTGAAGGGTAC,1C-A9
TTCGTCACGGTAGTAC,2C-A9
ATCTAGGGGATCTTTC,3C-A9
CTAGTATACGATGAGG,4C-A9
CAGACCAGTTCATTAA,1D-A9
GAAACAGCGCATAGCT,1D-A9
TTATTTCACTTACTGC,2D-A9
GCACCTTACTCAATAA,3D-A9
AGAGTCATTAATCCTT,4D-A9
CGGGTTTACAATTCCT,5E-A9
AAACAATGAGCATGTT,6E-A9
TCTGGCGGCTTTCTGT,7E-A9
TGCTTTTAGCGGTCTC,8E-A9
TTTTAAGCAATGGGTG,5F-A9
TATAGACCTAGACCTA,6F-A9
TCAATTAACCACAGTT,7F-A9
GCATGATTTTCTCAGA,8F-A9
CTACCTTAAAAGCCTC,5G-A9
TCCCATTATGATGCTT,6G-A9
TCGCTTGTTTTAAATA,7G-A9
GTCTTTTGACGCAAAT,8G-A9
CTCTATAAACACTGAT,5H-A9
CTTTGATCTTACTGAT,6H-A9
ATCACCTTGTCCACTA,7H-A9
CACTTTCTAGTCCTAC,8H-A9
AATGGGTCCCCACCCT,1A-B10
ATGTATTCTGTGTATA,2A-B10
CATTTAGGCCATCTTT,3A-B10
ATTTTACCGCAGATAC,4A-B10
TTTGGTTATTCCTTGA,1B-B10
CAGCCTCAATGTCCCT,2B-B10
GTTCAAAGTCCACCGT,3B-B10
ACTAGCATGTGCTCTC,4B-B10
ACGTAATCAACGGCCG,4B-B10
ACAGAGCGCAATTAAG,1C-B10
CGTTAATTAAGCGATG,2C-B10
TGAATTTCCCCTGAAA,3C-B10
ATTAATACTTAACGTA,4C-B10
CATTTGCCTGGTCCAT,1D-B10
AGTATTGTGTGACTAC,1D-B10
CACTCCGCTCGAATCC,2D-B10
ATAGTGATGCTATGTA,2D-B10
GCTTTTGCGTGGGTCA,3D-B10
AAAATTCAGCATCAAT,4D-B10
GCAATTCTGGTGTTAC,5E-B10
GTTCTCCACCAAATGA,6E-B10
TGACAGGACCTTCTAC,6E-B10
ACGCGTAATTTTTAGC,7E-B10
TATTGCGTAGTCTACG,8E-B10
TGATTTTACTCTCGCA,8E-B10
TCAAATCACTATCCTC,5F-B10
ACCTTTTATTCGGGCC,6F-B10
CTCAACGCTAGCACTT,6F-B10
TGCTACTTAACATGTG,7F-B10
CGAAGCAGTTCGATAG,8F-B10
ATAATCTGCAATATGG,8F-B10
ATTAACTCATTCGAAC,5G-B10
AATTAAGTATCAATGT,6G-B10
GCAGAAGGACCGTAAA,7G-B10
CTTGTATCCAATCGCG,8G-B10
CTTAATCCTTACAGAC,5H-B10
GTTGCACTTAGGTATT,6H-B10
TAATTAGTCGGGTCTT,7H-B10
ATCTTGAAAACGCTAA,8H-B10
CAAATCTCGCCTTGGT,8H-B10
TGTAATCGCTGTTGGA,1A-B3
TACGTCCCCCGGTCCT,2A-B3
TGTATCAGCTTACCCC,3A-B3
CATTTAGATCCTTTTC,4A-B3
TATTAGAGGCATCCTC,1B-B3
GTTTTGTTACCAATAT,2B-B3
AGATCTAAATACACTT,3B-B3
CTCCAACTGTTACACT,4B-B3
TTTACAAGTCTGGTGA,2C-B3
CCTCAACCGTCCGGTG,3C-B3
TATGTTCATGGCAGCA,4C-B3
AGTTTGATAAACACTA,1D-B3
CTGGGCTTATTTAACA,2D-B3
TATACTTTTCGCGGAC,3D-B3
ACAAGCGTCAGCTAGC,4D-B3
ACTCGTTTCTGTTACG,5E-B3
CCTATCTGGAGTAAGA,6E-B3
TCCTAACACTCCCATA,7E-B3
ACGGGCTTGGTGTTTC,8E-B3
CTTGGCCCCGGTTGCC,5F-B3
AGTTAGTGCCATAATA,6F-B3
TTCTATTTTCATCACA,7F-B3
AACGATCGATGCTGAG,8F-B3
AAGCCGCAGCCAAGCA,8F-B3
TGCCGAGAATGTTCAA,5G-B3
CCACGCTCAGTTCCAG,6G-B3
TGTTCTTATAACTTCG,7G-B3
CAGAGTGTTGTACAAA,8G-B3
ATAAATAGAGGCAGAC,5H-B3
CGTCTGTCGATCTACC,6H-B3
CGTAGAGCTACGACTA,7H-B3
TGTAAGATTTGCTGAC,8H-B3
AAAAATCCAACGTCCA,1A-B4
TTGAACCTGACAGAGA,2A-B4
GCCCTTCCAATTCACA,3A-B4
GGACAGTCGATTCATC,4A-B4
ATACGGTTCTCAGCAA,4A-B4
TCACATCCGTTAATGC,1B-B4
ATTAGGAAATTTTAGC,2B-B4
ATCTTTAATATATACT,3B-B4
TTGCACGAATAAATAA,4B-B4
TTCAGTAACCATAATA,1C-B4
TATCTTGTCACGTTTC,2C-B4
AAGTTTGCCTCGTCGA,3C-B4
CTTGCAACTGACCTGT,3C-B4
CGCAACCCATGTTATA,4C-B4
GTCATATATGCGTCTC,1D-B4
GTCATTTGACTGCCCT,1D-B4
GTGTTCGCTGTGTGTG,1D-B4
TGTGATAATCAGACGG,2D-B4
TCTGGTGGGGTTCCCG,3D-B4
TGTGAATTCTGACCTT,4D-B4
TCCTCAAGTAACGCCT,4D-B4
TTTTAATCCCTTCTCT,5E-B4
CTCTAAATTACATACT,6E-B4
ACTGACTCGCTTTGCC,7E-B4
CTGCGCCAATGGTCTA,8E-B4
ATTACCAAGGTCTTTA,5F-B4
AACGGTATCTTCGCTC,6F-B4
CGCTCTGATAAGTTAT,7F-B4
GCCTATAATCTTCACA,8F-B4
CATGCAACAGTGGAGC,5G-B4
ATCATTCGTTTGAAAC,6G-B4
CCATGCTCCTCATAGG,7G-B4
TAACTTGACTCGACTA,8G-B4
GTCAATATTTGTTAAC,5H-B4
CGTTCCGTGCCGTCAA,6H-B4
GATTAATTATACCTAC,7H-B4
TTAGTGGTCGCCTCGT,8H-B4
GATCCTTCCTACGGTA,1A-B5
CATTCTGTAATTGCTG,2A-B5
TGTAGCTGTATTGCAA,2A-B5
ATAGATGTCTCTCCTG,3A-B5
CTCAACTTGAACCAAG,4A-B5
ATCCTGACTATGTAGT,1B-B5
TCTTACACCACAATAC,2B-B5
ATTACTTGGTGGCGTG,3B-B5
CACATTTAGGAGATTC,4B-B5
CCAAACTCGGGTCGGT,1C-B5
AACTTCCCTCTCATCT,2C-B5
CTTGATACAAGGGTGG,3C-B5
ACCTCATTCCCCCGCG,4C-B5
CGCCAGACAATTGACC,1D-B5
CTTACTAGCCCCCAAG,1D-B5
AATTGTCGTCCATACG,2D-B5
AGCTCTTAAGGGTGAT,3D-B5
TTTTTAGCACCTTCGA,3D-B5
TTTCCCCAACCGTAAA,4D-B5
GTTCAACACCCGCCGC,5E-B5
CTGGCATCCTTCAAGT,6E-B5
ATCTGAATTATAGCAC,7E-B5
TACCTTAGTCTCCTAG,8E-B5
TTGTTAACCAGCGGTG,5F-B5
TATGCGATGAGTTTAG,6F-B5
TTCGATAAGTCTTAGG,7F-B5
CATATCTAATCCCGCT,8F-B5
ACTTGGCTTACGTCAA,8F-B5
GTTCTATCGTAACACT,5G-B5
CACGTCTACTGGTCCA,6G-B5
GAGATATGGATCCATC,7G-B5
AATTTTCGGCGTCGAA,8G-B5
CTCAAAAGAATTCACA,5H-B5
GCCTAGTCGACGGACA,6H-B5
TTTGCTGCCCACTAAC,7H-B5
GTTTTTATATTCTCCT,7H-B5
AGCTGTCCAACGCTAC,8H-B5
TATGAAAGTATTGTTT,8H-B5
TGCATCCCGTTACGAC,1A-B6
CGTGTAATTTTTAGAT,2A-B6
TACCCTAAATCATTAT,3A-B6
TTTTTTTTCTTGGCAT,4A-B6
TCTACATTCAGTCTCA,1B-B6
AACGTCCTGTGTGTTG,2B-B6
GTACGGGAGACGAACT,3B-B6
CATCCAGCGTGCGTCA,4B-B6
TTCAGCTAGTCGGTAA,1C-B6
TACAACTCCTTAGCTA,2C-B6
ACGTATTTGACATTAT,3C-B6
TAAATTGAGAGCCCAT,4C-B6
TACTTTTTCATATCCT,1D-B6
GACCATCAAATGTACG,2D-B6
CCCATGGTGATATCCT,3D-B6
AACGCTTCTAGTATCC,4D-B6
TCTTCCAGTTAGCGTG,5E-B6
TGATTTTATTATGAGC,6E-B6
TCTAAATATTCGCGTG,7E-B6
TGCTCTGCAACCCCTT,8E-B6
CATTTAATTGTCGTCT,5F-B6
ATCAGCCGTTACTGGT,6F-B6
GGTCATCAATGGATAA,7F-B6
AGAGACTTAACTTCTC,8F-B6
GGCCTCGTCCACCACG,8F-B6
ATATACCGTTCCACTC,5G-B6
ATTCTCAACTGCGCCA,6G-B6
TTATTTTCATTTAAAT,7G-B6
AGATAAGTCGAGAGCC,8G-B6
TTTCAACAAGCTTAAC,5H-B6
TCTAAAGATATGCTTT,6H-B6
GCGATTAAAGGTCTTA,7H-B6
CTTGCAAGACCATCTT,8H-B6
GTCCTCTCACGGCTAG,8H-B6
GTCTGCATGTTGTTCT,1A-B7
CGTTTAGACGTGAACA,2A-B7
AGGTAAATACAGACCT,3A-B7
TGAAACCGTTTGCTGT,4A-B7
CCGTTATTCACCATCG,1B-B7
TACTTTCGCTCTTAAC,2B-B7
GGCAGGCAACAGCTTT,2B-B7
TGCTGGACAGGTACAA,3B-B7
TCTGGCGTAGGATCCG,4B-B7
TTACTGACCTTCGATG,4B-B7
TCCACAGCCACAAGAT,1C-B7
TCCAGACCTCCTTTCG,1C-B7
TGCTATTTGTTAAGGC,2C-B7
AAGTCTCATTAAGGCT,3C-B7
TGGTTTCAAGTATACA,4C-B7
TGTGAAAATTCAAAAT,1D-B7
GTGAGAGTCAACTTGC,2D-B7
ATTCTAATTTTCCACG,3D-B7
ATCTGTTTCGGTGCTG,4D-B7
AACCGAAGACCTCTTT,5E-B7
TTTCTATTCTGGTTTT,6E-B7
CGACTTTACGACTATT,7E-B7
CTTCAATCGTCCGAGT,8E-B7
ATGACACATATCCATA,5F-B7
TATTGCTCCGTAGAAA,6F-B7
GGCGTTAGCAGAAGGC,7F-B7
CGCCACGAGTGTATTT,8F-B7
AACGATGGACATACAT,5G-B7
GATGTATTTACTATAA,6G-B7
TTTTGTCTTCAAAACA,7G-B7
AAAAAGAATTCGTAAA,8G-B7
AAACACGGCAATGCTC,5H-B7
TACACGACGTTTATTG,6H-B7
CGTACGCTTGGATTAG,7H-B7
GGCGAACATTCTTCAG,8H-B7
TCTATTGGGTTGCCTA,8H-B7
ATTGGTTCTTGGAGAT,1A-B8
ATTAATATTCGTCTGT,2A-B8
TACGTCCAAACCCTTG,2A-B8
ATTTTTCCCGAATTTC,3A-B8
GAACTGTGCTAGTAGC,3A-B8
GTCTCACATATTAGTA,4A-B8
TCCTCGACTCCAATGT,4A-B8
GGTATCGGCCGTCACA,1B-B8
TAGAATACCTTACACC,2B-B8
TTAAGTCCCACGACGG,3B-B8
TCAACAACCTACCACT,3B-B8
TAGCCGGTACTGCGAC,4B-B8
ATCTCTTCCAATTCTG,1C-B8
CTCCGTCAACTAATCC,2C-B8
CCACCGAGATTTCTTC,3C-B8
ATCTAAGTTATTCCCG,3C-B8
CTCGCCGTCAAGTATC,4C-B8
GCATAGTTAGTTCTTA,1D-B8
TCGATATATCTGGTCG,2D-B8
GCTCATCCCAGGGTTC,2D-B8
CTCTAAGCTTATAAAT,3D-B8
GCTTAAGTTTGGCTGA,4D-B8
CTCTTATTACATTCTC,5E-B8
GGTGCCGTATTTGCTA,6E-B8
CGTTATCCTGGTCGTA,6E-B8
CATTCCTCTACAGTTT,7E-B8
GAAGCCGCCTGGAGTC,8E-B8
AACAAGGGCACAGTTG,5F-B8
TCTTCGTCTGCTCAAA,6F-B8
CATGATCGTTTCTAAC,7F-B8
CACCAGTCCAATGATT,8F-B8
TGACCCACGTACCTCT,5G-B8
CTAATTCCTGTGAACA,5G-B8
TATATGACAGTGACCG,6G-B8
CACAAAGAGCAGGCGA,7G-B8
AGATCCGGGGCCAACT,8G-B8
CATCACATGCAAGGAT,5H-B8
AGCACAGGTATACCTT,6H-B8
CGATGTTTAAACCACC,7H-B8
TGCCCCGATGAGTACG,8H-B8
TCCTCGCGTTTAAAAT,1A-B9
TTCTACTATGGAACAA,2A-B9
CCTTCTTTAACACGCA,3A-B9
AATAACGCGTAAAACT,4A-B9
TTATTGGATAACGGTT,1B-B9
GTTGTTCACACTATCC,1B-B9
TTGCATTCCGTGCACA,2B-B9
GCTCTCCCCAAACCCA,3B-B9
TCTTTAATCAGGGCTG,4B-B9
TCTACGGTAGCCCTAA,1C-B9
AGTACCATATCAGACC,2C-B9
CCTACCCCTTATTATA,3C-B9
TATTCTCTTGAGGTCA,4C-B9
CACCTTCTTCTATTTC,1D-B9
TGGTTGCACAACTCAT,2D-B9
CATTAGGTCCCTACCG,3D-B9
CATCCTATGCCACGAG,3D-B9
GCTTCCTACGTGGCCA,4D-B9
GGCTACCCGCATGTGG,5E-B9
GCGCACTTTCGTAGAG,6E-B9
CTTACAATGATCTGAA,7E-B9
ATAAGATGCTCTAAGG,8E-B9
CGACATTTAAACCCCT,5F-B9
ACGTGCCAAAATCTTA,6F-B9
ATCATAGCTTTCCTGT,7F-B9
AATTGCAAAGGTAACA,7F-B9
ATTTTGTTATTTTATA,8F-B9
TACGCTAAGATACATG,5G-B9
TACTCTCATACAAAAA,6G-B9
TAATTTTATTAGCTCG,7G-B9
TCCGAATTTAATGACT,8G-B9
GGAACATAACCTTGTC,5H-B9
TTCTGGCAGGCACATT,6H-B9
TTCCTTGCGCACCTGG,7H-B9
CATCGTTTCCGACTAC,8H-B9
GCTTCTATTCTAAATT,1A-C10
GCTATACCTACCTGTC,2A-C10
ATTCTATGTAGGTTGA,3A-C10
ATTTTTTATACATCCT,4A-C10
GCTATTATTACACATC,1B-C10
CCCTTCTCACTACATA,2B-C10
TGGAGATTATGTAAAA,3B-C10
AGCCTTTCGGAGTTTC,4B-C10
CAGATATGGCTGGACT,1C-C10
TCTCTTGTTCTTGTAA,2C-C10
TCCCTGGATATGACGT,3C-C10
GTTGGCCATTGATACA,4C-C10
GAATTGATCTACGCCA,1D-C10
AACTAAATGTATCCAA,2D-C10
CTGTTGATCCTCCCGA,3D-C10
CATTCCAACTTAGTGC,4D-C10
GGCACTAGCATAGACC,5E-C10
GATGCCTTATCCCCGT,6E-C10
TTCATTCTGTCAAAGG,7E-C10
TGCAATTAGATTTATA,8E-C10
ATCAATGCTATATTTA,5F-C10
TTCGCAGGGCTCCACC,6F-C10
GCCCCGTCGTTTGTAA,6F-C10
CCACGCTTCATCTCTC,7F-C10
CACAATGTGCCTCAAA,8F-C10
ACTAATATATATAGCC,5G-C10
TCACATACATATCTGT,6G-C10
ATGGTTCAAACCTGCA,7G-C10
ATTCATCGCACGCCAC,8G-C10
GTGAAAGCACACCAAC,5H-C10
AATTAAGAAATGTGAT,6H-C10
CGAAGACCCCCTACCT,7H-C10
GTCCGTCGGGACTATT,8H-C10
TCAAATTCCTTATCAA,1A-C3
TTGCGTAGTGCCTTAT,1A-C3
GTACACTGCTCGATAA,2A-C3
TCTTCGTGTCCATATT,3A-C3
TTACGTTTTAGAGGCC,4A-C3
ATAAGGTTTTATAGAA,1B-C3
GATGTCTACAACTTTT,2B-C3
TTTCGTCAGTTGTCTC,2B-C3
CACCCTTGGAGAAGCG,3B-C3
CCGTTATAAATTAAAG,4B-C3
GTAAATCTTAAATCTT,1C-C3
AGTTGTAAATGCTCAA,2C-C3
CCCTTTTTGTCTGAAC,3C-C3
TCTTAGCTTGATTCTT,4C-C3
TAGACAAAATCGAGAC,1D-C3
CACCCTCACTGCGAAG,2D-C3
GTTTCCGACATAGGAA,3D-C3
CCGTATGTTTATAACT,4D-C3
GTCATTCCAGTTCTTT,5E-C3
ATCTCCGGCTCGTTGG,6E-C3
TTCAGTATTCTGGCAC,7E-C3
ACTTGTTTCCCATACT,8E-C3
GACGACCTCACCTGAT,5F-C3
GGTCGCGCATGCAGTC,6F-C3
GTTGTCCGTTGTGTTA,7F-C3
TGTTCAGGGTTAACAT,8F-C3
TCCGCGCCGGCAAATC,8F-C3
TCCGGTTAGCACATTA,5G-C3
ACCACAACGACAATAT,5G-C3
AACTCCCTAGGTCGTA,6G-C3
AACACATTCACACTAA,7G-C3
AGGATATCAATTAAAC,8G-C3
ATCATGACACTACTTT,8G-C3
TTACATTTGTAACTAC,5H-C3
CCTCAAACGCTATTTA,6H-C3
TCTGCTTTATCAGACG,7H-C3
AGGGCATTGATTTCGA,8H-C3
AGGCAGAAGACGATCT,1A-C4
TTCTTCTCACGGTGCG,2A-C4
CTTAGCTTACAGTTCA,3A-C4
CATCTCTTGTCGCAAT,3A-C4
GTGGTATTAGGATACC,4A-C4
CACACCGTATGTGACT,1B-C4
CGGGCCCCCTTTTGAT,2B-C4
AAGCTGCGTCGATTGA,3B-C4
CCCTAAAGATCAACTT,4B-C4
GCACTTGTTCTTAGTT,1C-C4
AACCATACGTCTAGAA,2C-C4
TCATGACGCTCTGCTG,3C-C4
GTCGTTAGTCCCCCTC,4C-C4
TGCCATTCTTGCCGAG,1D-C4
TTCGCTCTAAACAATT,2D-C4
CTTACGGAGCGCTTAG,3D-C4
TAATGTTCGGACGAAT,4D-C4
CTTGTTCGCTGTTCAT,5E-C4
CTTTGTGCCAAAACGG,6E-C4
CTCGCTCCTACCGCAT,7E-C4
GTACTCTCAAGAGGCA,7E-C4
TGTTTTATGGAAATCC,8E-C4
CCTTTGGCAACGTGTA,5F-C4
TTTGGTTTTGTATTCA,5F-C4
TACAGACTCCAACACA,6F-C4
TGGACTCTGATTCCAT,7F-C4
TCGAATCGCAGTGGTT,8F-C4
CTCCGGGTGCGCCCAT,5G-C4
TCCAATGTCGTATTCT,6G-C4
AAACTATACATTTACA,7G-C4
AGTTTTATAAGTAGTC,8G-C4
GCGGTTTAAGCCCTTT,5H-C4
TAGTTACTGTCTTTTC,6H-C4
GCAATTATGAAATCCG,6H-C4
AGCCGCTCTGCCTGCA,7H-C4
TAATCAATCCTCTGGG,7H-C4
CCGTGCACGTAAGCCT,8H-C4
CATTAATCACAGTTTC,1A-C5
TCTTCTTTTCGGTAAT,2A-C5
TCGACCATCCCGTCCA,3A-C5
GGTATTTCCACTGATA,4A-C5
AGCCTCTGGGCCATAT,1B-C5
GAGCGCTTGTACCATA,2B-C5
CGTTGGTACGAATACC,3B-C5
TCTTCCTTAGTTGTTC,4B-C5
TTTCATGCAAATTTAG,1C-C5
ATTTTCTCCCTTAATT,2C-C5
TTTGACTCTTAGTTAT,3C-C5
TCTATACGACATATCG,4C-C5
TACAGTGTTATATTCT,1D-C5
GGTTGGGTGAATGACG,2D-C5
GGTTGGGTAATGCCGC,2D-C5
GTAATGAGAGATATAA,3D-C5
CCTCGTGCCAGCACAC,4D-C5
CTTTTACATCACACGA,5E-C5
TCTTCAACCGACGGCT,6E-C5
CTTATTTAACACAGCA,7E-C5
TATGTTACTGGCAAAC,7E-C5
GAGCAATCATCAACCC,8E-C5
GAGCTCTTCCAATCAA,5F-C5
CTCGAAAATGCAACTT,6F-C5
TGGTATCGCGCTCACA,6F-C5
CGGCTCTGCTGTGGAG,7F-C5
CAAGGATCCTTGTCTC,8F-C5
CTCCATATCTATGGTA,5G-C5
CGAACTCAGCTCATCC,6G-C5
TTGAGTTCAAGTCTGC,7G-C5
ACTTATACTAATATTT,8G-C5
TCTTACATTCATGCAA,5H-C5
TACTGCATTGCACGCA,6H-C5
GAATTTAAGTGCACAC,7H-C5
AATTGGAACTGACTGT,8H-C5
GTTCTACAAGGCGCCT,1A-C6
TGATGTCCCTTTCACG,2A-C6
TATACAGCACTATTGC,3A-C6
CTCCAGCAACACTACC,3A-C6
CGTTGATACCTATAGA,4A-C6
AGCTCGTGTGATATAC,4A-C6
GAGTTTGCCTCCATAA,1B-C6
GTTGTACCGTTTATCC,1B-C6
ACTACCCCAGCAATTA,2B-C6
TTGGGGCCCTAGTAAA,3B-C6
AAACGGAAGATTGCCG,4B-C6
GATGCCATGCTGCGCC,1C-C6
CGTCGCAGCTTCCTAT,2C-C6
GTCTATCGATGTATGC,3C-C6
TTAGTCACTACGATGC,4C-C6
TAGTGCGCAAACCATT,1D-C6
TAGATGCCTTATTTCA,2D-C6
TCGCCGTGTTCGCGAA,3D-C6
AATATCCTACTTTACA,4D-C6
AAATCGTTGCCTACTC,5E-C6
AGTTTGTATCATCTCC,5E-C6
TTTTATTTCTGCCAGC,5E-C6
TGTGCCTGCTGCTGCA,6E-C6
TCTTAGGCGTCAATCC,7E-C6
GTAACGTAAGATCCAA,8E-C6
TTTAAGGTATCCAACT,5F-C6
TGAGCCAGAAGATATT,5F-C6
ATGATTCCGCACAAAG,6F-C6
ATTCCCTCACAGGGCT,6F-C6
GGATATTGGGAATCTT,7F-C6
ATCAACCTCAGACTAA,8F-C6
AATTCTACCGATAGCA,8F-C6
GACACCGCATGTTTCG,5G-C6
ACAAGTGGCCTCGTTT,6G-C6
CATAACTCCGCGCAGC,7G-C6
GTCGTCTCAGGATTAT,8G-C6
CTCCCTAGCTTTTTCT,5H-C6
ATTTGTATGTCACTCT,6H-C6
GTGCCTATACCACCAC,7H-C6
CTCGATTTCATGCTGC,8H-C6
TAATATACTCCTTGGT,8H-C6
GTTCCAGTATATTTTG,1A-C7
ATTCTAGGGTACTAAA,2A-C7
AAACCGGCGCCACTAT,3A-C7
TCCTAATATACCGACA,3A-C7
AACTCATGGTTCATCC,4A-C7
CACTTTCATTAAGTGA,1B-C7
GCAACTCGCACTCCCA,1B-C7
ACCGTGCTCAACAAGA,2B-C7
GTATCTTACTACTGAC,3B-C7
CCGGGCGTGGAATAGT,3B-C7
AGTTACGTGCATTATA,4B-C7
GACTATTGAGGTGCGA,1C-C7
AAGTTAAGTCGATTCT,2C-C7
CGGTACTACGCCCTCT,3C-C7
CGCGTACAACCATTAT,4C-C7
TCTTAGGTTTGTATTC,4C-C7
AGGCGCAAGGCATAGC,1D-C7
ATCGCATCCTGGTGCC,1D-C7
CCTCTCTCCGCAGAGA,2D-C7
GCCTCTTTGCGGAGAG,3D-C7
GACATATACCACCAAC,4D-C7
AACGGCTTTCTAAAGT,5E-C7
CAATGTCTGATCTTAA,6E-C7
AAGAGACTTGCGGATA,7E-C7
CGTTCCTATCAAACCA,8E-C7
AGTAATACTGAACGCC,5F-C7
TCACGCAATGTTAGGC,6F-C7
ATATAAAATGTCGAGC,7F-C7
GTATGTGTGCCGAATG,8F-C7
AGTATTTTACGCACCA,5G-C7
GCCTGAGAATTATTCT,6G-C7
CACCCTGGGGCACCAA,7G-C7
TGTGCGCTAAGTAGTG,8G-C7
CGACAGTTAACAACAA,5H-C7
TATTATTTGTCGTTCC,6H-C7
GTAAAACTATTCAGGG,7H-C7
CACTGCACTGAGCACA,8H-C7
GCAAATACTCGTCACC,1A-C8
GGACTTGACGCATTAG,2A-C8
TTATGGACTAAGTATA,3A-C8
GAAAAGTCAGGGGCCA,4A-C8
AATCTCTCGCGACTTC,1B-C8
CTAGAGTAAATGCTTG,2B-C8
TCTTTGGTGACTGTTT,3B-C8
GACCGTGTGTGCCGCA,4B-C8
CCACACTATCGGTACT,4B-C8
AACTGAATTTCTACCC,1C-C8
AAGCATATTTCAATTT,2C-C8
TGTACTACTCCAGCCT,3C-C8
AATTAATAATGGGCTC,4C-C8
GCTGGTAGTACTGCCT,1D-C8
GACTCCCGAGAAATTT,1D-C8
TGTACCGACTTGTGCC,2D-C8
TTGTGCGTTCATACAT,3D-C8
TCCGTATTTCCTGGCT,4D-C8
GTAGTATCCAACAGTA,5E-C8
AATTTACACGGGTCCA,6E-C8
TCCTATAATGCCAACT,7E-C8
GCCTGGATGATTATCA,8E-C8
AAGCTAATTATTATCC,5F-C8
CCTTATAGTCAATTCT,6F-C8
AGCTTTTCTAACAACT,7F-C8
CTTAATACTTAATGCC,8F-C8
CGCTTAAATGTGTAGT,5G-C8
GCCGTCCCCACAAGAG,6G-C8
GTCATGTCTCGATAAT,7G-C8
AGTCAGGCCAATCGGG,8G-C8
GGGTGCACACCGTCTC,5H-C8
TCCATTATCCTACTCT,6H-C8
TCTTGCTTTGGTACGG,7H-C8
GATTTTCGTTGACCTC,7H-C8
TACTCTTTCTAACAGC,8H-C8
GTGTCGCACTGGCGAA,1A-C9
CGAAAACGCCTGTACG,2A-C9
TTCCGTGCGTATGTGG,3A-C9
TAAAATAGGTGGCATA,4A-C9
ATGGGGCTTCACCTCC,1B-C9
CATTCTACCTCCACAA,2B-C9
TGTTACCATACCATTT,3B-C9
TATCCTACTAGCACAC,4B-C9
CGTGATCTTTAGGCGA,4B-C9
TTTTGACATTCTTCGT,1C-C9
CACCGTATTTTACACG,2C-C9
TTTGCACACCACAGCA,3C-C9
CTTGTTATTTGATCCA,4C-C9
AGAGTGCATCTCGCAC,1D-C9
ATTTGTTTTAGGCATT,2D-C9
TGGAATACCTCCCAAA,3D-C9
GACTGGTCCCGATCTA,4D-C9
TGCTATTGGCATTGAT,5E-C9
ACCGTTATATCGTACT,6E-C9
TTTGTGTCTTATGTTG,7E-C9
TCAGAATAATCCGTCA,8E-C9
ATTATCGCAGGTTTAC,5F-C9
CACTTCATCTAATGAC,6F-C9
ATAGGTCTATAACTAC,6F-C9
AATTAGCCAGAGACAT,7F-C9
TCTAGGTGTTAACCCT,8F-C9
TTATGTCCCTTCTTCG,5G-C9
GTTGCTATTACACCTC,5G-C9
CCGTCGTCTTCCTTTA,6G-C9
GTAGACGCGGCACTTA,7G-C9
TCTAGTCCTCGTTTAT,8G-C9
CCATTAGACTATCGCA,5H-C9
TCCCTGCTGCGCACGG,6H-C9
AGTGCTTGATGGGTAA,7H-C9
TATCAATTTATAAATC,7H-C9
TAGAATTTTCCTACGC,8H-C9
ATTTCTAATTTAGGAG,8H-C9
CATAACGGATCCACTG,1A-D10
TACGCCTGCAAGCTTC,1A-D10
GTACCGATCACCCCTA,2A-D10
CGCCGCTTTTATTGCG,3A-D10
TTGCGACCATGCTTAT,4A-D10
TCTATTTCTAACCATT,1B-D10
TTCTAGTGATGTCAGC,2B-D10
TCGGTCGGCACGCCCA,3B-D10
CTATATGATTGCGCTC,4B-D10
TTCAAGACGTGTATGT,1C-D10
GAACCCGCTCTCCGAA,2C-D10
AAAGGTCGGAGTAAAC,3C-D10
AGATAAACAATGTACC,4C-D10
ATGTTAAGTTTGCCTG,1D-D10
AGGACGGTGTTCCCAC,1D-D10
ACCTTGATTAGCTTCC,2D-D10
CGTATGTCGTGAACCC,2D-D10
CTATATCAGTCAGTAA,2D-D10
TATTACGTTGGATTCC,2D-D10
TTGTATTCCCTCGACC,2D-D10
ATGCAGGTTTGAGGCC,3D-D10
ATAGTTACCGCTATAA,3D-D10
GACTTATTCTTCAGGA,4D-D10
CTTATCTGACCCTTTG,5E-D10
CTCGGATTTATGGCCA,6E-D10
CTTCTTCACTGTTTAT,7E-D10
GTGTCACCCCCTAACA,8E-D10
CAATACCAATTGCCCA,5F-D10
TCGGCTAAGTCGAGCA,5F-D10
TGGTCGCGAATACATG,6F-D10
TGTTGATACCCAATTT,6F-D10
TATCGCGCAGTTCTTG,7F-D10
ATGTCTGTGGACTGGC,8F-D10
TTCCCACTTTTTTACT,5G-D10
AAAAGCTTTTCTGCTA,6G-D10
AATCTCCCTAATCTTC,7G-D10
GTTATCTGTTCTAGCA,8G-D10
GACTTTGGGTCCCTAC,5H-D10
ACTCCGGTTCCGAGAC,6H-D10
CCGAGTATTGGGAGAA,6H-D10
CCAATGGCACTTCGTT,7H-D10
TCTTCGTGAATAACAC,8H-D10
AGCTTCCGTCATCATT,8H-D10
TCGAAATGCTGTACAT,1A-D3
ACGTCCATAATTACGC,2A-D3
AATGATCTTTTAATTC,3A-D3
GTATGTTTAGCAGCAC,4A-D3
TTTGGACCAGGCATTA,1B-D3
AAACAACCCCTCACTC,2B-D3
TTCGTTTGTGGCTATT,2B-D3
TGCTATTCTGTACGTA,3B-D3
AGCTTCTTTCTACCAC,4B-D3
TCAGCTGCGGAGTTAA,1C-D3
TTGTCAATTGTTTCCA,2C-D3
AATCTGTTGTAGAAAC,3C-D3
GTATAGCCTTCTCCCA,4C-D3
TTAACTTGATGTTCCG,1D-D3
CTCGTTTGATATAGGC,2D-D3
ACTAATACTCAGTGTG,2D-D3
GCCGGTAATTCGATAC,2D-D3
CCTGTTACATCCATTT,3D-D3
GACTCCGCCATCCAGT,4D-D3
GTGACCACTCAATCCG,5E-D3
AACTTGTGAGATATCC,6E-D3
ACGTGGCCATATCCTG,7E-D3
CCACTCGGACTAAACG,8E-D3
TAATTTATACTTATCA,5F-D3
ACTACGTTTATAAGCA,6F-D3
CACCATTTTGGCGGTC,6F-D3
ATGCACTAAACTTTCG,7F-D3
TCTGCAGCCCCTAGCA,8F-D3
ACACATTTCGTCTACA,5G-D3
AGGTATCGTATTCGTC,6G-D3
TGCCCCGATGTATTTT,7G-D3
TCCGTTTTATGGCGTT,8G-D3
TCTACCGAATTGCAAG,5H-D3
ACTTCAAGTTTTACCA,6H-D3
AATCGTTTCAGACCAT,7H-D3
GAACGTAAGTGAGCAC,8H-D3
ACTAAGTCAGAGCCAA,1A-D4
GTTGCCACTCATACAG,2A-D4
CGGTAAAACGTATCGC,3A-D4
GTATAACAACACCAGT,4A-D4
CTACAACACCGCCAAT,1B-D4
AGGGGGGTTTCTGTCT,1B-D4
CACTTTAGTTAATTGC,2B-D4
CCTACTACCCCTTAAT,3B-D4
TACAGGTTTTATCTCA,4B-D4
TGTTACCCACGCACAT,1C-D4
CTTCAACCTTTTTTGT,2C-D4
TTCAACTTTAACCATG,3C-D4
ATCGTATGAGAAACCT,4C-D4
CCCCCTGGGTGGCTTA,1D-D4
TGCCACGTCGATTTTC,2D-D4
GCCGTTCAATAAACAC,2D-D4
TTTTTCAACAAGTGCA,2D-D4
TCTTTAAATGCCTATT,3D-D4
GTTCTCAGCATTCGTA,4D-D4
AGTTTTGGTCCTCATC,5E-D4
TCATCTACATACACAC,6E-D4
CCGATAACATTCTTCT,7E-D4
TCGGCCCGCGACGCCA,8E-D4
TTAATTGCCTCGCACC,5F-D4
TTTTTTCTGCTTGGTT,6F-D4
TGTTCCAGCAGTACAA,7F-D4
ATTAAATTACTTACCT,8F-D4
AACAGTGCACACGTAT,8F-D4
AGACGGCCGCGCATCT,5G-D4
ATACCTTCTCTTCGGG,6G-D4
ACTGGCCTTATATATC,7G-D4
GATTAGACGTGCTTAA,8G-D4
TAGTGACAGCACTCTT,5H-D4
CACTGAAGATTTCCGT,6H-D4
CGGCGGTCTGGTAACT,6H-D4
CCTTACATTTCCCACG,7H-D4
AGTCTCTTGTTGAACT,8H-D4
GTGCCTATACCATCGG,1A-D5
CAGGGTTTTCCTTTCT,2A-D5
TGCATTTTCCTTTGCT,3A-D5
AATATTGGAATTCCGA,4A-D5
AGGTAATACTTAACTC,1B-D5
CGACACTTAAAGCGTA,2B-D5
AGCATCCCAGTCATCA,3B-D5
AAATTACATCATTTCT,4B-D5
AGTCAGTACTACAATC,1C-D5
CTGTAGAGTGATACGC,2C-D5
AGATGTCTTGGCTTGA,3C-D5
CAGAGAGTTTGTCAAG,4C-D5
CGTCGATAAATTGTCC,1D-D5
AATAAATAACGACCCG,2D-D5
ATAATCCCAGCAATCA,3D-D5
ACTAGAATTACGGCAT,4D-D5
TGAGTCGTTGCATGGT,5E-D5
CTATTTTTAGGTCATA,6E-D5
CTATAGGATTCGCCAC,7E-D5
ATTATAATTATATAGA,8E-D5
CTTAGGATCATCATCT,5F-D5
ACTGGTAAATTAGGGA,6F-D5
CGGATTTCATAAACAC,7F-D5
GACCCAAAATAACAAA,8F-D5
TCTCCTAAACCAGTCC,5G-D5
TTTTAAATACAACTGC,6G-D5
TGTAGCTTATAAGAAC,7G-D5
TCTCTGCCCTTGGTTT,8G-D5
ACTCCGGCAGGCCCAG,5H-D5
TGGGACATACTTGCTG,6H-D5
AGTAAACAGTCACTTT,7H-D5
GTAAACTCGTAATTTT,8H-D5
TCGCAATGACCGACCG,8H-D5
AAGTTGCTTAATCCGT,1A-D6
TACAAGCAGTGTCATG,2A-D6
ATTGTCTATGAACTTC,3A-D6
GTCTACATGTAATCCG,3A-D6
CGACGAAACCACAAGG,4A-D6
GCCTTTTCCGAATTCA,1B-D6
GATTACCAACATTCAT,1B-D6
TTGATTTGTCTGGGAC,1B-D6
TTTTTTCCAGCTCTTA,2B-D6
CTGCGACTCCAAACCT,3B-D6
ACTTGGCATGTGCCTG,4B-D6
AATTATTCATTTCCAT,1C-D6
ATGACCGGTATACGAA,2C-D6
AAGACTCCTGATTTTT,3C-D6
AACTTCCTGACGCAAA,4C-D6
TTCATGGATATCCTTT,1D-D6
ACGGCACCTGCAATCC,2D-D6
CTCAGTATCAAATTAA,2D-D6
AGCAAATTGGCGATAC,3D-D6
CGTATTTTCCACTTTC,4D-D6
CCTCGGGGTTTATGAC,5E-D6
ATGTCACTAGAACATC,6E-D6
TGCGTACTCCTATGTG,7E-D6
AACTACTCAGTTCAGA,8E-D6
CTGGTCCCCTTCACCA,5F-D6
AACGCTCCTACAAAAA,6F-D6
CTGCAGGTTTCTCTGA,7F-D6
ATTATATTTCCCATGA,8F-D6
TTCTGACTCGCACCCT,5G-D6
CCGATCACTATTCCAT,6G-D6
GCCAGAATTGTGTCAG,7G-D6
ATACAGCACTACTTTT,8G-D6
TAGAGTATATAGACTC,5H-D6
GCACAGATATTTATGC,6H-D6
ATTATTCTAATGCTAT,7H-D6
CCTGAATACTCGCCCT,7H-D6
CGGTCACCGCTTACTT,8H-D6
GCTCTTGGGTGTTGAA,1A-D7
GCCAACGCCAATCTGT,2A-D7
CATACACAAATTTTTT,3A-D7
AGTCTGCCAGCCACTC,3A-D7
ACTCATTGAAGTCAAG,3A-D7
AAATGCTTTTTTTGGC,4A-D7
AACCTCCTATATATTA,1B-D7
TGATTCACGCGAGTTG,2B-D7
GTTATTGGCTTCTATG,3B-D7
CCGCCCCGTCAGATTA,4B-D7
TTGCGCTTCGCCTTTA,1C-D7
GGACCCCTCTTGCTGT,2C-D7
TTCAAGGAAATGAATC,3C-D7
TATGATTATAACCTGT,4C-D7
TCTATTCAACTTTAGG,1D-D7
TGGACATTTCGTCCTC,2D-D7
GGATTTCCCAAGCATC,4D-D7
GCCACGGGTCTCGAAC,5E-D7
TCCCCTTACCAGATTT,6E-D7
ATATCCATAACACTTC,7E-D7
AAAAATCTTCCTTTTT,8E-D7
GGTAGTTTCCGATGTA,5F-D7
GTCGGGGCTTTACTAT,6F-D7
GGCTTAGCGGCAATTA,7F-D7
TTTGAACCTATATACT,8F-D7
TTTGATTTCTTATATC,5G-D7
ACCAGCCTGCCAAATT,6G-D7
CTCCTCCCTTCCATAC,7G-D7
CTACTGAACTATCTTG,8G-D7
CCCAGGTATGTCTCGC,5H-D7
ATGGGTCGATAGTTCT,6H-D7
CTTTCAGACCCTATTC,6H-D7
ATTAGTAGTTTTAAGC,7H-D7
TACCTTTCTATCATAG,8H-D7
GTAGTCTGTTCGTACT,8H-D7
TATCGCGGTTTCAATA,1A-D8
GGCTACCAATGGGACC,2A-D8
CATAGGTGGTATTCCC,3A-D8
CAAGCTCTATTTGTAC,4A-D8
TTCTAAAACTCACACC,4A-D8
CTTCATCCCACCCACA,1B-D8
CGAGTATTGTCCATTC,2B-D8
CTGCTTCGTCACATAA,3B-D8
TAACGTTTCACTCCAT,4B-D8
AATCGGGGCATTGATT,1C-D8
TTCGAGACTAGCCGAT,1C-D8
ATTCCTAAGCCCTCTC,2C-D8
TCTTAATAGGTAACGA,3C-D8
CCTCCTCGAGCTTGTA,4C-D8
GTGTTCCTAGTACTTT,1D-D8
CGTCTCAAATGTAGCA,2D-D8
CAATGCAACGGTGATG,3D-D8
CTTCATCCTCGGCACC,4D-D8
GGCGGACCCTTGCTTG,5E-D8
GTCTAGATGTTGTGGT,6E-D8
AGGACCGTGACTTGTA,7E-D8
TCCCTACTATGTTTTA,8E-D8
TCCATCAATACTTGCT,5F-D8
ATTTGATAGAACGATA,6F-D8
CCACCTCCCAACTAGC,7F-D8
ATTAGTTTGGCTTGTA,8F-D8
CCGGGCCTCGTCGCCC,5G-D8
CTTTCAGACTTGTCTA,6G-D8
TCCAATTCTTCTCTTC,7G-D8
CTTCGGGTATGCCCTA,8G-D8
AATCCATATTCTGCAT,5H-D8
ATTATTTCGGCCAATA,6H-D8
TGAATCTGGTTGTTTC,7H-D8
AACGTTCTACGTCTAA,8H-D8
TTACCACCACACTAAT,1A-D9
TCGACATAAAAAAGTT,2A-D9
GGATGATTTGTTTATT,3A-D9
AGATACTATCAGCTCG,4A-D9
GGCCAAATCAGATTCA,1B-D9
TTCTCAATCGAACCTT,2B-D9
CTGGAGTTTCAAGACG,3B-D9
ACCCACCTTTGCCGAC,4B-D9
TCGTGTGTCTGTGAAA,1C-D9
AATGAACTTATCATGA,2C-D9
TTCAAAAGTATTCAAA,3C-D9
CGCGCGGTTTCTTTAG,1D-D9
GTCACTTACTAGTTAA,1D-D9
ATAAGTAGGCGGAAGA,2D-D9
TCTTATAGTCAGTCGA,2D-D9
GAGATGTATACTACAA,3D-D9
AATTTTCGTCCCCGCC,4D-D9
TACCTGCTCTAGCTGC,4D-D9
AATGACCCGGCAGCAA,5E-D9
GGTCCGTAGCCAAGCC,6E-D9
ACACTGCGAACTGATC,7E-D9
GATGGGCGGGACAGAT,8E-D9
GCCACCTTAACAGTTA,5F-D9
TCACTATTCGTAGTAC,6F-D9
CACATACGAATATGGA,7F-D9
TTTTTTGCGGATTCTA,8F-D9
AGTACCTTGTTTTAGC,5G-D9
TCAATCTTGCTAGGGG,5G-D9
GTACACGGCTTTCCAT,5G-D9
TGTTTACGGAACCACG,6G-D9
GGATATTCTGCAGCAA,7G-D9
TCTCTTTTCCTATTTT,8G-D9
CGCCCTCTAGTCCTCT,5H-D9
TCCTTAAGACGGCAAT,6H-D9
CCGGTGGCAATTGATC,6H-D9
CCTTTTTGGACACGAT,7H-D9
AGTTTCATCCGAAGGC,8H-D9
CTTCTCCTCCCGCCAA,8H-D9
CTAATTTAAGCGAGTA,8H-D9
TGCACGTCTTATACAA,8H-D9
TTCCATGATCTATGAA,1A-E10
GAGATCTACTGGTGTG,1A-E10
CTCCCAATACAAAATT,2A-E10
TTTTACCTTTTGAATC,3A-E10
CTGAACCTAATTTCCT,3A-E10
ATCTGCATACAACTTA,4A-E10
ATCAATAATAACAATA,1B-E10
GTCAGTTCTTTCGTAA,2B-E10
CATTCCAGTACCATAC,3B-E10
CATAGCCTAGCCTTAC,4B-E10
TGCCTATATACTCCAT,1C-E10
AGTAGCATATAGTGTC,2C-E10
AACTTTGATAACTCCC,3C-E10
TCAACCTCACGTTTGT,4C-E10
TTCGAGACCACGCTCC,1D-E10
GAATTAATCACGCGAC,1D-E10
AAACTGGATCTTTTCC,2D-E10
TTGTCTCGAGAGCTTT,3D-E10
CCTGAATTGACAGGTT,4D-E10
ATGACATTGCTACTAG,5E-E10
TCAATCTGGCCGCAAT,6E-E10
CATACATTCTCGCACC,7E-E10
CTTGTTTTCTCATCGC,8E-E10
TATATTCTGTTCCTAG,5F-E10
CATTTCCTGACCATCC,6F-E10
AGATGAGGGGTCAGTA,7F-E10
CCGACACACTTGACAC,8F-E10
TCATTCCATGTTAGAT,5G-E10
AGGGCTATGTTACTTT,6G-E10
CGTTTACGTCATTGGA,7G-E10
GGACCACAACATTAAG,8G-E10
TCCACTATATACGTTC,8G-E10
TGACCCACCCCCGTCT,5H-E10
TCATACGCTTCGTGTC,6H-E10
TCTACTGTGCCCGCAT,6H-E10
AGCAGATAAATTCTAG,7H-E10
ACGTGCCTATTAGTAG,8H-E10
AGGACTTACTGACACC,1A-E3
CGTTTTGGACATAACT,2A-E3
CCTGCCTAACGTGAAC,3A-E3
TAAGTCAAAGGGGTGC,4A-E3
ATAGCACATAATGCAT,1B-E3
TTCGGCAACGTCGCAC,2B-E3
AGTAGCACGAACGTTA,3B-E3
CTTCTGCAAACCGGCC,4B-E3
ACAGTTAGTGTTTACC,1C-E3
ATATTACCAAGTGGGC,2C-E3
TTCCTGTCCCATATAA,3C-E3
GGTGTCAAGCACTCTA,4C-E3
GGTGTGCTCGTTAAAT,1D-E3
CTTTTTGCTAGTGGAC,1D-E3
TCGGGATATCTTTGCC,2D-E3
TTTATAACAGATTGCG,3D-E3
GACTACTTCACAGTTG,4D-E3
TACCCGGATCCCTTCT,5E-E3
TTCTCGTCGCTACCCT,6E-E3
TAAAATAATTCATCTT,7E-E3
CGCATTCTTATTGCAG,7E-E3
GTTGGATCTCGCCGCA,8E-E3
AGCCTCTCCGCAGATC,5F-E3
TGGCACCTGTTTATCT,6F-E3
CAATTCCTTTAGCCTT,7F-E3
GTCCTCCTGACACCCA,8F-E3
AATTAAACCATACGCA,5G-E3
GTGATCGTATGCACTT,6G-E3
CACTATCCATCGTATC,7G-E3
ATTCTATCACACATAG,8G-E3
TTTTTGAGGGTAGATT,5H-E3
CGTGTACGATTTATTT,6H-E3
TGTTTGTAGTCCACTG,7H-E3
GTTCTAACTAACCTAA,8H-E3
CGTTTGGGAGCGCGCG,1A-E4
CTCGTATGTACTCAGG,2A-E4
TCGACTCACTGATCCA,2A-E4
GGTTCGTTTTATTGTA,3A-E4
CACGAGGCGGTCGAGC,3A-E4
AGTTAGTAGCCTTTTA,4A-E4
TTTTTGATATGAGCCC,1B-E4
GCAATAACGGATACTA,1B-E4
AGCCTAGTGATACTAA,2B-E4
TACGTATGTTTTCATT,3B-E4
TGAGGCATAACAAGTC,4B-E4
ATGTTGGCGCTCTGCT,2C-E4
CATTCTTCACTACCAA,3C-E4
AATCCAACCTGCACTG,4C-E4
AGGGCAACCGTTACGG,1D-E4
CTGTACCATTTTTTGT,2D-E4
CCCAAAACCAACCTTT,3D-E4
CGCCTCACTGCCCAAG,4D-E4
CCATTAGTTATTTCCA,5E-E4
GTTAACACACGTAATC,6E-E4
CATTGGTCACAATCCG,7E-E4
GAAGGAACTATATACT,8E-E4
ATCACTTGGGTAGTCT,5F-E4
TGCTTAATCCCCCTGC,5F-E4
ATCTTACATTTTGGCC,6F-E4
CTTTTCCCTCCTGCTA,7F-E4
TATATTAGATTTTTAA,8F-E4
AGTATTTAACGTAGCC,5G-E4
TTTAACAGCGACGTTA,6G-E4
TTCCAGCTTGTTCCAC,7G-E4
CTAGTATAACCGCACC,8G-E4
CCCACATTCGCTTTTC,5H-E4
GATTTTGTTTAGTTGA,6H-E4
TCGTGTGTCTGTTCTA,7H-E4
CACCATTAACGACAAC,8H-E4
TCCCTACTGTTTGCAC,1A-E5
CTATTCTTTAACTACC,2A-E5
GATCTCGTTTCACCAA,2A-E5
AACACCGTTTGGTGTC,3A-E5
AAACTATACAGGATCG,4A-E5
CACCTTACGGGGAGCT,1B-E5
TTATGTACTACTAATA,2B-E5
ACACTGACCAGGATCC,2B-E5
ATCGTGGTCTGCATGG,3B-E5
CACGATTAAGAACTGC,4B-E5
CGCAGTGTTAGTATTA,1C-E5
TACCGTCTGTTTCCTT,1C-E5
CTCTAGGAATACAAGC,1C-E5
TTTAGGATTGATATCA,2C-E5
TTTTCCTGCCTCCTAA,3C-E5
ATGTTAAACCCCCTCG,4C-E5
TTTACAGTCTTTCTCA,1D-E5
AATCCTTTTCCCTGTT,2D-E5
TCTGGTCTCTGCATAC,3D-E5
CATGCCGTTAACATAA,4D-E5
GGAGTGTTAGCCCAAA,5E-E5
TTGACGGGTGCCTAAA,6E-E5
AACGAGCGCCGTTTAT,6E-E5
TATGAATCAAGGGATG,7E-E5
GCTATCGACTTTGCCA,8E-E5
ATCGAGCCCTTAGGCG,5F-E5
GTCGCGACTTTCGTTA,6F-E5
CTCGTTCTCATCCTCA,7F-E5
TGCAACGTTGTGCACT,8F-E5
TTTGATTTCCGCTAAA,5G-E5
CATTACCTCAAACCGC,6G-E5
CTCTAGAATCTCAATT,7G-E5
TATTTCTTTGAACAGC,8G-E5
AATTCATCACGCCAGC,5H-E5
GATAAGGCCGTACCAT,6H-E5
ATTTGTAAGTAGGTAA,7H-E5
GACCCCCCAACTCTCA,8H-E5
ACTCATCACTGTCTGA,1A-E6
AGTACTCAATTAAGAC,2A-E6
GGGCCGAACCGCACTA,3A-E6
GCTAAAAAAACGTGCA,4A-E6
CCCCGCAATAATTACC,1B-E6
GGCTCTCAGCTCCAAG,2B-E6
TTAATTACACGAATAT,2B-E6
TGAATGTCCCGGTTTC,3B-E6
TTTATGAGCGTCATGA,4B-E6
GAATATTACTCACGGC,1C-E6
GTCAATATGGCCTAAA,2C-E6
GACCATAAGGCAACCC,4C-E6
GAATGAACTAACTTCC,1D-E6
TTCGTGGTTGTCATAA,2D-E6
ACCGATAATATCGGAC,3D-E6
CAGAATAATTAAACAA,4D-E6
ACCTTTTTAGAAGGTT,5E-E6
TGTCACGTAGTCTCCG,6E-E6
AACTAGTCCTGATACA,7E-E6
TTTATACGTTTACCTA,8E-E6
ATAGGAGAAGGCAATC,5F-E6
CCATCAGTGACATCCA,6F-E6
AACTATGAAACCTGAA,7F-E6
GATTAATTGAGTAACT,8F-E6
AGGGGCAAAGCGGTAA,5G-E6
ACCGCCAAGTATCACT,6G-E6
GCATACACCATTTAAT,7G-E6
TTTACAGTGTTATGTC,8G-E6
AACTCCTACTCCACCC,5H-E6
TGTATACTCAGGTGCG,6H-E6
AGGTTAGCGCAACCTG,7H-E6
AAGGGCGAAGTTCATT,8H-E6
GTCGTGCATTCATAAC,1A-E7
GGGCAGTTTGTGATTC,2A-E7
AACAAGCAAAAAACTG,3A-E7
CAACACAATTTATGAC,4A-E7
GACTCACTAACGGAAT,1B-E7
ACGTTCTATTATCCCC,2B-E7
CTATACGGAAGGCCGG,3B-E7
CGATCTTTTCGGAGAG,4B-E7
CTTGTCCAGAATTAAA,1C-E7
TCTTACTTCTATACGC,2C-E7
GTCTGCAGCCCTCCCG,3C-E7
CCTCTTAAGCAAATTC,4C-E7
TAGCCGCCTCTATTAA,1D-E7
TATTAAGGTGTACAAA,2D-E7
CTATTATACTTATTTA,3D-E7
AAGATATTTCTCACTC,4D-E7
ACCAGCCCTACCAGCA,5E-E7
AACTCCCTATTATTTA,6E-E7
CAAAGTTCTATCAAGA,7E-E7
CATATTTTTTAAACTC,8E-E7
ATGTCACATTCTCGTC,5F-E7
GTCGCTCAAATTCCTC,5F-E7
AGCGCGCATCCGATAA,6F-E7
TCTATTCCAAGTTCTC,6F-E7
AACATTTAGGTGTCGG,7F-E7
TTTCCAGCTTTGTCAT,7F-E7
TCTCTAATGCGGTTTC,7F-E7
GACAACATTTAATTGC,8F-E7
TAACTAACTCAACTAC,5G-E7
CGATTCCATATTTTTG,6G-E7
CCTAGGTTACTCCCTA,7G-E7
GAGTTTTACGTAACGT,8G-E7
GTTTAGCCCGATGTCA,5H-E7
AGCTTTATCTCATTTA,6H-E7
CTACCGTGCAGAAGCA,7H-E7
ATTTACTGTATTTAAA,8H-E7
TTTCAAGTACGGACCC,1A-E8
AGAGGATCTGATTGTT,2A-E8
GGTGCACGCGATTATT,2A-E8
ACGATTCTAAATAATG,3A-E8
TCTATTTCCTGTTCTA,4A-E8
TTAGACAGATTCAGAA,1B-E8
GATGTGTTACCCGTCT,2B-E8
TGCCACTTTCAGTTCA,3B-E8
TGGTGATGATGTAGAC,4B-E8
TCTAATGAACTGACTC,1C-E8
ACTCTAGATTAGTCAG,2C-E8
ATCAACGCGCGCTACC,2C-E8
CGATAAATATCCGATT,3C-E8
TTTTTCTTATTTCAAA,4C-E8
CGTATCTTCGGTCGGC,1D-E8
CCTCTTTACGGTAAAC,2D-E8
CTGCCGTGATAGATTG,3D-E8
GGTTATTTGGATCACC,4D-E8
GTATACTCGAGAACCC,5E-E8
TACGCTAAATAGCAGA,6E-E8
CGCCTGACCTTTCACA,7E-E8
TGCCAAGTCGCAATAC,8E-E8
TATTGCCGAGACCTAC,5F-E8
TTTTCAAAGTCTACGT,6F-E8
ATTACACCAGCGTAAC,7F-E8
ACATACCATGTTCCAT,8F-E8
GGCGACTGAATTAAAC,5G-E8
GATTACAATTCACCTA,6G-E8
CGTCTAGCGTATTAAA,7G-E8
ACAGTTAAAGATATAT,8G-E8
TCTATGCGGCACATTT,5H-E8
TCTAAACTAAATGACC,6H-E8
TACTTATTAACTTATC,7H-E8
AAAAGTTCTGACACTT,8H-E8
GCTGAATAATGAAGAA,1A-E9
ATTTTTGTGTCAATAG,2A-E9
GTCTTCGAACGCTACC,3A-E9
GGTTCCACCTATTTTA,4A-E9
GCTACGGTTAAAAATG,1B-E9
CTCATTACGCGAATAC,2B-E9
ATCTTAGGGTCCTTCG,2B-E9
GTAGTGCATCTTTTCC,3B-E9
ATTCTCCGCATTTCGT,4B-E9
TTGCCTGTTGAGCCAG,1C-E9
ATTATCCTCTTTCCAA,2C-E9
ACATTTTTAGGACGAC,3C-E9
GGAAAGCATACCTCCC,4C-E9
TAGTAGCATATTCGCA,1D-E9
TTGCTACGCCCCAATA,2D-E9
CCCCTCTGCGTATCAA,3D-E9
ATTCACTCTGTTTATT,4D-E9
TTCTGCAGGCCCACAT,5E-E9
GCCTATTATCAACACT,6E-E9
CACAGACGTTAATATC,7E-E9
TGATCCTTATCAACTA,8E-E9
TTACTAACTGATGTGT,5F-E9
GCTAAAATTTACCTGT,6F-E9
CGATATCCACTTTAAG,7F-E9
CGTAGACGTGTATCCG,8F-E9
ATAATAAAGATATCCC,5G-E9
TACTTGGTTTTACTTC,7G-E9
TGTTCCCCCATGTATT,8G-E9
ATCTGATCCGGTTTTC,5H-E9
TGCAGAAAGATCTATT,6H-E9
ACAAAGTCATCCCTTT,7H-E9
GCATTGGTATAGTCGG,8H-E9
AACGCTTTTTACAGCC,8H-E9
TTCGGCAAGGGTTAGA,1A-F10
TTTACTTCTCTATCGC,2A-F10
TCGTAACTTTCACGTG,3A-F10
CATCACACTAAACACG,4A-F10
GTTCCGATATAATATT,1B-F10
TCCCTCCGTAATATCT,1B-F10
GTTCAAAGTCCACTAT,2B-F10
ATTCCACCTCCTCCCA,2B-F10
TTTAACAAGACTGCTC,3B-F10
ATACAGGGACAAACCC,4B-F10
GAACTTACATGAGATG,1C-F10
ACTTTCCAGTTGTTGC,2C-F10
GCTGAAATTCTTATAA,3C-F10
TATAAACCGTCAGTTT,4C-F10
TGGAGATTAGAAGCAC,1D-F10
TGTCACTTTACACCAT,1D-F10
CGCTCTATCTGGACAT,1D-F10
CTTGGTAATAAGACGT,1D-F10
CTCGTTCTAAAACTCA,2D-F10
AAACCCATACACTCTA,3D-F10
ACAGTACCTCACTACA,4D-F10
TGCAGGGTACATAATT,5E-F10
CTACCCGTCCGTTTAG,6E-F10
AAGATTACTCTTGGTT,7E-F10
TCGGGAGACGGTCGTA,8E-F10
AACACCTGAGCACTCC,5F-F10
TCGCGAATAATAAGGC,6F-F10
CCTCCTTTTCTGCCAT,7F-F10
AGTCTACCCGCCTTAA,8F-F10
ATTTTAAGTTGTGTAT,5G-F10
TGTTCTTCTGTTTCTT,6G-F10
ACACCAGCGCTTGTAC,6G-F10
GTTCCCTACTGTAGAA,6G-F10
TATACGTAACAATTAG,7G-F10
TCATTACTTCTTCGAA,8G-F10
CAATGCGCAATGACAT,5H-F10
ACATTCCTTATGCCAA,5H-F10
GCTGTGGCTCCTCTAT,6H-F10
TAGTACCGGATCCAAT,7H-F10
AATGAATTTCAGACAA,8H-F10
TCGTAGCTGTGAGTCC,1A-F3
GCCGTCACGAACCATT,2A-F3
TTTTATTTTTATAAAA,3A-F3
ACCGGCGTAAACACAG,4A-F3
TACGTTCGTTACGCAA,1B-F3
GTGAACTCCTCGGTTC,2B-F3
TTACCGATCTATATAA,3B-F3
TCCTCAGTACTATTTA,4B-F3
AGCATTCATATTGCTG,1C-F3
CTGCTTATATAGGCCG,2C-F3
CGCTTCTTCCAGTATA,3C-F3
TTACGGTCTTCAATTA,4C-F3
TTTCCCGTCATTAACA,1D-F3
ATTGTTCGATGTTGTC,2D-F3
ATAGCCAGTCCGCGGA,3D-F3
CTTTATATTATGTGTC,3D-F3
GTCACATAGATGGGAC,4D-F3
ATTCACCTGCCCCCAC,4D-F3
GCTTTCATCTTCTAAA,5E-F3
GCTGGAATTAGATATC,6E-F3
GGCTTAGCAACTCCCA,7E-F3
GACACTGATACATCAT,8E-F3
CTCTGATATAGAAAGA,8E-F3
CGTGTATCTGTCAAAT,5F-F3
CTCATTTTCTTCCTAA,5F-F3
AGTTTTGTTAAAATCG,6F-F3
TTCTCAGCTGGATCCG,7F-F3
TCCTCAAGTTACGACC,8F-F3
CTTGTAGAAACCGCTA,5G-F3
TGTTCCTCATCACCAC,6G-F3
TGCTGAGCATTTTCTT,7G-F3
AATCCAGATTACACGT,8G-F3
GTGCGTTCTAGTTTCT,5H-F3
TACTTCGGGGATTACC,7H-F3
ATGATACCGAATTATC,8H-F3
GGGCATTAACTACAAA,1A-F4
AGCTCTAATTCGAACC,2A-F4
GACTCTCCTTTATACA,3A-F4
ATCTTCCGATTCATCC,4A-F4
AGTGAAGCGCTTGTAA,1B-F4
CCTAGAATTGGCTGTT,2B-F4
TTTGGGATAATCCGTT,3B-F4
ACAAAGCCGACAATCC,4B-F4
TGTGCAGTTGTGGAAT,1C-F4
GTACAGTCGGTGTCCA,2C-F4
ATTTAGCCGGCGCGTA,4C-F4
GATCCGTTGACCGGCC,1D-F4
AGAATGCTAGTCCATG,2D-F4
TCCTATTTGTCTTCCA,3D-F4
CATTTTTTCTGTGCCC,4D-F4
TTTACTTACTCTCTAC,5E-F4
TATTCTTTGCTCTCCA,6E-F4
TGCCCAAGAATACTCC,7E-F4
GTTCCGGCAACAAGCA,8E-F4
ACCCATTTGGCCAACT,5F-F4
CTACGACACTCCTTAC,6F-F4
CGTAGGGCTTACATCC,7F-F4
GTCAAGTGTAACCCAA,8F-F4
ACACTCTCCCTATAAG,5G-F4
CCGGCTTGGGAAAAAT,6G-F4
TGGGCAGTCCTACCTG,7G-F4
CTTTCTAAGCACACGA,8G-F4
CTTTCTAAGCACACGT,8G-F4
CAATCTCAGTACTGTC,5H-F4
AAAATAACAGAACTCA,6H-F4
GTTCGTTAGATCTAGA,7H-F4
GTAACCGTTAATCTGG,8H-F4
TGATTTTCCACATACT,1A-F5
CTTTGACCGTACTAAT,1A-F5
GATTTAACCTCCTGGA,2A-F5
ACCATCTTAAGTTAAG,3A-F5
CCGTGCTCAATGGTGA,4A-F5
TAAGCATAAGCCGTTA,1B-F5
GATACTTCGAACAAGA,2B-F5
GATTTTTTGTACTTTT,3B-F5
GCTGAGCCTAAATGCA,4B-F5
CCAGCGCAATCTCTAA,1C-F5
GCCTAATCGTCCGCGT,2C-F5
CCCACACCAATCCCCC,3C-F5
ACAGCAGGTTAGTCGC,4C-F5
CAATTACTACTTCTCG,1D-F5
TGTGCTCGACTTACGT,2D-F5
GATTACCATGCCAGTG,3D-F5
ATCGTGTTTTCACTTA,4D-F5
AAGTGTATTCTTTCTA,5E-F5
TCTTTTACTATCCGAT,6E-F5
TGCTCCGACATTACTT,7E-F5
TATGGATTTCGTACTT,8E-F5
AGATAGCTAACTCCTT,8E-F5
TTGAAGTTCTCGCAAA,5F-F5
TTGAAGTTCTCGCAAT,5F-F5
ACTTTACCGTGAAAAA,6F-F5
ATTAGTCCCCGTCATT,7F-F5
AACTAAAAAGTGGTAT,8F-F5
CTTTTTCTTACCTTAC,8F-F5
TTAAGTCCCTACTTCC,5G-F5
GTCATGATCGCACTTA,6G-F5
CAGTATGTTTTACGTC,7G-F5
CAGGTAACGACTAAAG,7G-F5
GGTCTCCCCAGTCAGC,8G-F5
AACCATTATTACGACC,5H-F5
ATCCCCGTGGGTATTT,6H-F5
GTTGATAAACTCTCAT,7H-F5
CCAGTACATCTAACTA,7H-F5
AGTGTAATCGTATTTA,8H-F5
TATCATGAACTCCATT,8H-F5
AATGGTCCCTGACGCC,1A-F6
AATACGATGCTGTGTT,2A-F6
GACTATGTTTTAACTG,3A-F6
CGTGTTATTTTTGTTT,3A-F6
ACGGTTTCTTATACCA,4A-F6
TAATACACTGAGGCCC,1B-F6
AGGGGACTGTACAATA,2B-F6
ACGTGTCAATCTCTTT,3B-F6
GTTAGTCAGTCATCAC,4B-F6
ATACTGGCATTTCTTT,1C-F6
TCCTAAATTAGGCTAT,2C-F6
TTTCTATTAGCTCTCG,3C-F6
ATTCTGTACTCGAACG,4C-F6
ACTTTACGATTCTTCG,4C-F6
CATTTCTGTAAGACAG,1D-F6
ACATGAATTTTCGCGA,1D-F6
ACTATAGTATGGTTTG,2D-F6
AAACTACCAGTTTACA,3D-F6
GCGCGTTTTCGGCTGC,4D-F6
TGTATGTCTAACTGCC,4D-F6
GAGGGCAAATACTATG,5E-F6
CCCTACCATGCATAAC,6E-F6
GGCGTTTTCGAGGAGT,7E-F6
AATATGGTTTAAAGCT,8E-F6
ACCGTCTTCCGCCTGA,5F-F6
GCTAGTGCTTTCTTAT,6F-F6
CTCTACCGCAGAAGAA,7F-F6
CAGCTGGCTTGTACGT,8F-F6
CGTTTATCCCCATACC,5G-F6
CGATTCACTCCTAGGA,6G-F6
ATTTCAACCGTAAATG,6G-F6
CTAATCCACCTAGTTA,7G-F6
TGTTTTATCACCTATC,8G-F6
AATCGCTTTAATGAAG,5H-F6
GATTATAGTAGGCATA,6H-F6
GGTTTTTGCAGGAATA,7H-F6
CCGACGATGTCTAAGT,8H-F6
GAACTTAAAACGCTTT,1A-F7
AATCTAACAACCATTC,2A-F7
GGCTCCTCAGTTTCCA,3A-F7
ATCACGCTATATTTCT,4A-F7
TAATTTTCTATTTAAC,1B-F7
CTTTTCCATATGTTAG,1B-F7
ACGTTCCGGCTTCGGT,2B-F7
ATAACACTAGTTCGAG,2B-F7
TAGAGTCATGCAATGG,3B-F7
TTACTCCCTTGGCCCA,4B-F7
TAGACTATGTGGGTAC,1C-F7
GATCTATCATATTAAT,2C-F7
TGCGCTGTCTAGCATT,4C-F7
GTTTGATAGACCCTAC,1D-F7
ACAATATATTGCAAGT,2D-F7
TAGCCTGCTTTGTCAC,3D-F7
CTGTCATACTTGCACC,4D-F7
GCGCATTAACGGGTTA,5E-F7
AAGGTGGGACCGTTAC,6E-F7
TCGGAGATGTATCTAA,7E-F7
TTTCTTTGTAGTGATA,8E-F7
TTTCATCTACGCCAGC,5F-F7
ATTCTGACTATATAGG,6F-F7
CACGGTCATCGGCTCC,7F-F7
AATGACTTGCAATGAT,8F-F7
AACCCGTCACACTTCT,5G-F7
GCATTCGCTGATTAGC,6G-F7
ACACGAACAGTGCGCC,7G-F7
GTGTGCTTTGTGTAAC,8G-F7
TTCGCACTGTCGCACC,5H-F7
TTCCGGATTTCGTGCG,6H-F7
GAGTTTTTTCAACCAT,7H-F7
TTAACACTGTTCCGCG,7H-F7
ATAGATGGTTCATATA,7H-F7
AATCGTAAGTAATATC,8H-F7
CGCCACCTTTACCGAT,1A-F8
TCATTTCTACCCCTAC,2A-F8
TGTCCTTCTGTTGATA,3A-F8
GTTGAAGCACTTCCAC,4A-F8
GTCGTAATCCTTGCAT,1B-F8
GTACCCTTTAAAGACT,2B-F8
ACACTAGAGTCTGGTT,3B-F8
TAAGGACGTCTTTGCC,4B-F8
TATAATTGATACTTAT,1C-F8
GCATTTGTCTTTTTCT,1C-F8
AGTGTGCTAACACATC,2C-F8
AACTTCTTATATCTAT,3C-F8
ACCGTTGCTTTGTCGC,4C-F8
ATGGAATCACGAGAAA,1D-F8
TATTTGCCCTAACATA,2D-F8
AACGTCCGCCAAACGC,3D-F8
ATGAAACAACTACACA,4D-F8
ATCCTCCTATTGTCTG,5E-F8
ATTTCTAAAGCACAGT,6E-F8
ACCACGCTCTTTATCA,7E-F8
ACATTGCTTTGCCTCA,8E-F8
CGGATATGGACTATGA,5F-F8
TCTCGTGTATCTTTCT,6F-F8
TTTACAAAACCTTTCT,7F-F8
TACGGACAACTACATT,8F-F8
TACGATCGCTTCCCGC,5G-F8
ACCCTGTACTTTATTG,5G-F8
CGAACAAAGTGCGTCA,6G-F8
AGTTTAGACTTCCCCA,6G-F8
CCCAAGGCATAATCAC,7G-F8
GTTGTTCTTTTTGATG,7G-F8
ATAGCTCAGAGATAGT,8G-F8
AGGTACTTTCCCCGTC,5H-F8
TAAACCTAAACACTTG,5H-F8
TAGCGCTGGACATTCA,5H-F8
GGATGCACTAATCGGC,6H-F8
AAGACTGTCAGATTAA,7H-F8
GAACATGAGAATATAC,8H-F8
TATAATAACGACCTAA,1A-F9
CGCTCACTATCTAATC,2A-F9
TCCTGTTGCTCCTTCG,3A-F9
CTCCATCATCCGGTCC,4A-F9
AATATCCAGGTGCTTT,1B-F9
GTGATATACTTTCATG,2B-F9
ACCTTAAGACCAGGAT,3B-F9
ACTATTTATCATCGGT,4B-F9
CTCTCAGTTGTATGCA,1C-F9
AGAGGTTGCGCGCATT,2C-F9
GAGACGTCAGACACGC,3C-F9
CAACACCCACCTATGG,4C-F9
GCGCATTAATTACACG,1D-F9
TAACCTCGCGTTAAAT,1D-F9
TATTATTCACATGGTA,1D-F9
ATCATCTAATTCTTGA,2D-F9
ACAAACAATCACGTAT,2D-F9
AGTGTATAATCTGTAT,3D-F9
ACGTGATACACGTGTC,4D-F9
TTCCATCGTATGTACT,5E-F9
ACTATAGTGGCGTATC,6E-F9
GTAAACAGAGCTGTGA,7E-F9
ATCCCATTACTCAACT,8E-F9
TACTTAACCCGACTGG,5F-F9
GCAAACTCACTTTTAG,6F-F9
CGGTTCAGGTTACTGA,7F-F9
AACTATTAACAATTCA,8F-F9
TTTAGACTCCTCATAC,5G-F9
ACAGAAATTTTGGAAT,6G-F9
AAACTCATAAGACATA,7G-F9
GGCTTCGATGATGTTT,8G-F9
GCTTATAATATTAATT,8G-F9
CATTAACCATGCCTCC,5H-F9
CAGCCTTCAAACCGGA,6H-F9
GCAGCCGAGAATGCCA,7H-F9
TGGCCGGTAATGCATG,8H-F9
TCTAAAATACAAGCAG,1A-G10
CCAATCAGTATCATTG,2A-G10
GGATCTCCACGACCAA,3A-G10
ATTGGCTCTGTCATAT,3A-G10
TTTGTCCTATCATAAT,4A-G10
GATGTTCATAGCTGTA,4A-G10
CTAACGTCCCCAGACA,1B-G10
GGCTCTTCCAACAACA,2B-G10
TACGGCAAACGCTTTA,2B-G10
TTTCTTGTGTTAACAA,3B-G10
AAAACATTGCATGATC,4B-G10
TGGCGTCACGCTTGAA,2C-G10
ACCCGTTATCAGCTGC,2C-G10
ATCTTTCAGATTCGAA,3C-G10
TAACTGGGCTTTATCT,4C-G10
TGTAAATCGTTGTTTT,4C-G10
GTTTAACGGTCGTGGA,1D-G10
ATTTCCAATTCAATGC,2D-G10
TGTGATTCTATTCAAT,3D-G10
CTTGAGCCTTGTCGAA,4D-G10
ACGAATGCCATCGCCT,4D-G10
CTTCGAGCTTGTCGAT,4D-G10
TCATGTTACATAACAC,5E-G10
TATCAAGGCTTGCATT,6E-G10
TGTTGTATGAACCTTT,7E-G10
TACCTGCTGAACATAA,8E-G10
CTACTACGTTCTACCT,5F-G10
TGTCATACCACACCGC,5F-G10
TTACTCGTATTTCTGA,6F-G10
CCTCATCACATGTCCC,7F-G10
ACATTGACTTTACCCC,8F-G10
ATATCTGTACCCCGCA,5G-G10
TTTTCTCATGTGGCCA,6G-G10
ACCGACCAGCGGAAGA,7G-G10
TCCATAAGAACTTACA,8G-G10
CACTATCAGATGTATA,5H-G10
TCTGAGAGCCCGACTT,6H-G10
TCTGACAAATTCTGAC,6H-G10
AACCGCTACGTGTCTG,7H-G10
ACTCTCCGTGTCTTCT,8H-G10
GCCTCTTTTCTCAAAG,8H-G10
CAGGACATATATTCCG,1A-G3
TCATCGTGGATCACAG,2A-G3
ATGATATAAACGCCCT,3A-G3
AGAGTCAAACTCATAA,4A-G3
ACCAAGTCTTTCGCAT,1B-G3
ATGTTTCCTCCGGCTC,2B-G3
CCTCTTTGCAGCCACG,3B-G3
CTCGGTAACATTCCTT,4B-G3
CACTATCAAATGGGAG,1C-G3
CTTTTTTGCAGCGCAG,2C-G3
TTAGCAACTTCGTTCC,3C-G3
TGGAACCATTGTCTAA,4C-G3
GCCATCGCCTTGCCCA,1D-G3
CCTATCAGTCTACTCA,1D-G3
CGCACGTTACTATACA,2D-G3
ATGGGCAAACCAACGC,3D-G3
GTTGACTTATTAAAGG,4D-G3
CTCTGATCGTGTTTTC,5E-G3
AGAGTTACCTAGTTCA,6E-G3
TATACAGTTATTAATA,7E-G3
ATTGTCTTTGTACCCC,8E-G3
GGAGCAAGGCATAAGA,5F-G3
ACTTTAGTTTACCACG,6F-G3
GAGTTTTTTTCACCTC,7F-G3
CTCATCGGATCGTGCA,8F-G3
TCTGAAGTCGGCTAGC,5G-G3
ATGGAACTATAGTCCA,6G-G3
TCTTACCCTTTCCCCA,7G-G3
CTTCTCGAGCACAATT,8G-G3
GAGCACTATTCAATAA,5H-G3
GCCACTCAATACGGCT,5H-G3
CCTCTTACCGAGTGCC,6H-G3
TTTTGGCTGTTTCTAT,7H-G3
GCTCGGTCTGTTATGA,7H-G3
TCTTTGGAATCCTTGA,7H-G3
TTACTTTATGACTTCC,8H-G3
CTCTGATTACAGACAC,1A-G4
TAGGGGTCTTTCTACC,2A-G4
AAGCCCCCTCTTCAAC,3A-G4
ATACAGTTTAACTAAA,2B-G4
AGCGCACCTCAAATTA,3B-G4
GGTTTTCGAGCGGTGC,4B-G4
TTCGATATTTAGTCAA,1C-G4
TTGGAACGAACTGCAA,2C-G4
TTATAATGCTAACTAA,3C-G4
GGATTTTTGCCTTCAT,4C-G4
TTTGTACGGTTCTATG,1D-G4
CTTTCAAGTCTTCCGT,1D-G4
ATGGCTACGTAGTCTC,1D-G4
TTTGAGTCATGCGGTG,2D-G4
GCCTTGACGAATTTTC,3D-G4
AATTCATAAATTGTCC,4D-G4
GCACTGGATTTCGTGC,5E-G4
AGTGGGAAGACTGACT,6E-G4
CGGACCTCTGTACCAC,7E-G4
ATCACACTGGCTTCCT,8E-G4
CATGGCATCAGGGACG,5F-G4
GCAAAACACCACTCGG,6F-G4
TAGCCTGGAACTTTCG,7F-G4
AGCGCCGTACTATCCG,8F-G4
CCTTTTTTCTTTCACT,5G-G4
GCTTGGTGTGAATTGT,6G-G4
ACGTCAGCTTTCTTAC,7G-G4
CCCGCTTTCATAAGAA,8G-G4
AGTAATTTTGTTTTCC,5H-G4
ATAGGGCCATGGACGC,5H-G4
AGTGTGTCCACCAAGA,6H-G4
CCACAGCACCCATTAA,6H-G4
AGTTCAGTAGAAGCAC,6H-G4
ATCAAGCCGTCATTGA,6H-G4
AAATATCAGTCTGTAC,7H-G4
CTTTCCTTGCGACCAC,8H-G4
TGGGATCGTCCACACC,1A-G5
GTTTATTCGATTGGTT,2A-G5
CTGGATAAGTTGATTG,3A-G5
TCGTTCCGGATTTGCG,4A-G5
TGTCAGTCTAGGCAAT,2B-G5
TTTCAACTCGGGGTTA,3B-G5
GTTCTCTGCTATAGAC,4B-G5
ATCGGGGACTCCATTT,1C-G5
CTGTTGCATTAGGAAC,2C-G5
AACTTCACATCGCTAG,3C-G5
ATACTTAATTACACTT,4C-G5
GCATTTATCTATCCGG,4C-G5
AAGCGTTTCCCTCTTT,1D-G5
AACTGGGCACTGAATA,2D-G5
TACAACCGGCTGTGAA,3D-G5
TCGAAAGTGTCCTCGT,4D-G5
GGTGTTTTGGCTTCTA,5E-G5
CCCTATGTCTGATTAA,6E-G5
CTCACCAAGTGTTGAT,7E-G5
GGCCGTCCTAATGGTG,8E-G5
CCTTTTGTCAAAGTGA,5F-G5
GCTAAAGTAGACTCTA,6F-G5
TTTCTTGAGATAGTGG,7F-G5
ACCTCACTGGGTCACT,8F-G5
AATCTTTTCTAATATC,5G-G5
TTATTGACCTCCAATG,6G-G5
TCGTTCGTAGATCCCG,7G-G5
GATTCAGTTTTTTAAA,8G-G5
ACCGCGTTATCCCTTT,5H-G5
TGTTATGTACATGTAT,6H-G5
AGTTGGGGTCGAACGG,7H-G5
TGGTGTTTCGATAGCA,7H-G5
TTAGATGCTCATGAAC,8H-G5
ACGAAGTTATCCTACT,1A-G6
GTATATGGCAGGTATT,2A-G6
CGTCCTTCCGTATGCT,3A-G6
GGGTTGTTATATTCTG,4A-G6
TCACCTATGGCGCCTT,1B-G6
ACCGGTTTTTCTTTAT,2B-G6
GGCGGATCCTCCTAGT,3B-G6
TGGTAATCATGCTCCC,4B-G6
GATTTATGGCTAGTAG,1C-G6
TGTTTACAAGAAATAA,2C-G6
TGCCACGTATCTAACG,3C-G6
TCTCGCTTATTCTTTA,4C-G6
TGTGATTGTTGTTACT,1D-G6
ACAGGGAACATATGCA,3D-G6
TAACACATACTTCCCG,4D-G6
AGTCGCGATACATGCC,5E-G6
TACGCATTGATCATAA,6E-G6
CCTGGCATTCGGAGTT,7E-G6
AGATGGATGGCATGTG,8E-G6
GCTTCCTGCAAATAAC,5F-G6
TAGTATTGCCTTATCG,6F-G6
AGTCGACAAGGTTACA,7F-G6
GTAACTTTCCACTATC,8F-G6
TCAGTAGAGCATTCGA,5G-G6
AGCTCTGTTATAATCT,6G-G6
TTGCGATCATCTATCA,7G-G6
CATCAGATCCTACCGT,8G-G6
AGCCTTAGGGTTTTTG,5H-G6
GTAAATTCGGCCCGGC,6H-G6
AGTGACCCATGCCCAT,6H-G6
TAAAGTATAACTCTAC,7H-G6
CCATTGTTTCTAAGTC,8H-G6
ACGGTAATGGATCTCT,8H-G6
ATTTTATCGCTGGCCA,1A-G7
TGTCCAGGTAATAATC,2A-G7
CGTCAGCAATTGTGTA,3A-G7
TCATGGATCTTGGCAG,3A-G7
GTATGGCCGTATTTCA,4A-G7
AAGTTTACAAATGTAC,1B-G7
CCTATTATTTGCATTG,2B-G7
TTGACTCTACTCACGT,2B-G7
TAGATCATTTAACGCT,2B-G7
GCCTGTAGACATAATG,3B-G7
TGTCTAATGTCATACT,4B-G7
ACGCGATCCTCTATCG,4B-G7
CAGCTTTCGCTATAAC,1C-G7
ATTTCACCTTAGGCTC,2C-G7
TTTGTATGCCATGACG,3C-G7
GGGGAACACTATAAGA,4C-G7
TGGCGATAAACACGTT,1D-G7
ACATTGGTCCTTCTCA,2D-G7
TAATAATTGTGTACAA,2D-G7
AGTGCGAAACTGTCTG,3D-G7
AATGTCTACTCACCTT,4D-G7
ACTTGCACCGCCTAGA,5E-G7
AATCATCCTACGTTTT,6E-G7
ACACAAACGAATCCAG,7E-G7
CCACATATTCTGGACA,8E-G7
CTCCTTTTGACCGCTT,5F-G7
AATGAAGGTGAGATAG,6F-G7
ACTCGGTCTGTAGGAC,7F-G7
CAGAAGACCATGGTCC,8F-G7
ACAATTACCCAGCTAG,5G-G7
AAATTAACCAGGTGGG,6G-G7
TGTTGTGTTGAGCATC,7G-G7
AGCTCTATCTGCGCCG,8G-G7
GTATTTTTATGATTGA,5H-G7
CGTCCTTCTTTCAGCG,5H-G7
TAAGATCCTACCGTCA,6H-G7
ACTACTTATTCGCTAC,7H-G7
TGCCCAAATATCCGCA,8H-G7
TTATTGATACCATATT,1A-G8
ATTGTGGCTGATCTAA,2A-G8
TATTATGTTTGACCAT,3A-G8
ATATTGCCGTTTATGT,4A-G8
TCTGCACCTGAAGATA,4A-G8
TTGAGGTATCGGCAAG,1B-G8
GCTTTTTATCAGCTTC,2B-G8
TTGTGTTTGGTCACGC,3B-G8
AATTCCTTGATATCAA,4B-G8
GAATTGCTCCCTGGGC,1C-G8
TCGATTCGCCTGCACG,1C-G8
CTATCAGTCATTTGCA,2C-G8
TCCAATCACTATTGCG,2C-G8
ACTCTAGGACGAAGTT,3C-G8
CGCCGGGCTCCCATTT,4C-G8
CGTTAAATATTCTACT,1D-G8
TATATTCCACGGCGAA,2D-G8
GGCGAACTATGATATC,3D-G8
TAGACGCATAGTTTTA,3D-G8
CTACCGTCTTGACAGA,4D-G8
AATGTGTACTGTGGTT,5E-G8
GAGAGGGCGAGACGGT,5E-G8
TCCTTGGCTTGATTCA,5E-G8
TAAAATCGTTTGACCT,6E-G8
ATCTTAGCGTGAGACA,7E-G8
AAGTCGTCCGCCTATA,8E-G8
ATCCTTTTCGTTCTAA,5F-G8
CCTTTCCGCGGTCGTC,6F-G8
ACCCTCGATCAAGAAC,7F-G8
GATGTTTCAACCCTGG,8F-G8
TAGCTGTTCTCTATAT,5G-G8
TCTTTGATCTCAAGGA,6G-G8
CCACCGGTTATTCATC,7G-G8
TTAATATTTACACTAT,8G-G8
TCTATTTATTGCACTC,5H-G8
CACAATCCGGTTTTTC,6H-G8
GCGAGGTGTACATTCC,7H-G8
GCCCGCTTCCGCGACT,8H-G8
CTGTACACCGTCCTTC,1A-G9
TCGACGCTGCAGTTAT,1A-G9
CTTTGAGTCAGCGTCC,2A-G9
TTGCTGGCACGCAAAT,3A-G9
CCTTGAATCCCACTCA,4A-G9
CCGTATATGCAAGCCA,1B-G9
CTTCGAAAAACGATTA,2B-G9
AGGTAGCTGTGTAGGG,2B-G9
ACATCTAAATATTCTT,3B-G9
CGTATCGTGTTCCCCA,4B-G9
CGCCTGACCCATCACT,1C-G9
TGATAATAATTGTAAA,2C-G9
ATGATTGGGCGGCCGT,3C-G9
CTACTGCGGTTTTTCC,4C-G9
ACATTAGTCATGGTAT,1D-G9
CATCCCCTTATTTTAC,2D-G9
GAAAAGCAAATAAAAT,3D-G9
ATTGACTCCTATAATA,4D-G9
TAAAACGCCCAATCCT,5E-G9
GACCTATTATCAACTA,6E-G9
GATCTATTTGTGGCTC,7E-G9
AGATTCCTTTTCAGGC,7E-G9
ATCATTTCACCATAAA,8E-G9
AAGGGAGCCAACTGGC,5F-G9
AAGCGGGATCCTTTAT,6F-G9
GTGGAAACCTAGCGCG,7F-G9
TTGTCCGTCACATCTC,8F-G9
TTGTCCGTACATCCGC,8F-G9
GTCAGGAAATTCTGAC,5G-G9
CCGCTGTACTGCACCA,5G-G9
ATTCATCGATTTGGCA,6G-G9
ATAATATATACCCAAG,7G-G9
TAGACATACTAACGCT,8G-G9
TATCAGCCCTAATATC,5H-G9
TCTACCGACTCTCCGG,6H-G9
TCTTGAGAGTTCGATA,6H-G9
CTTTGTACCACGTACC,7H-G9
TGCATCAAAACAAGAC,7H-G9
TTCATTGGCACCGCGT,8H-G9
ATTAACAAAATGATCC,1A-H10
TCAACGCAAGGGGATC,1A-H10
ATAATCCCACATCCCG,2A-H10
TCTTATCCAGACTGGC,3A-H10
AGTAGTAAACGCTTCA,4A-H10
CCTGAGTATTGGTCAA,1B-H10
ACTTGTCTACAGATTA,2B-H10
GATCCCCGTTCTATTT,3B-H10
CGTTGCTGGATCTTAT,3B-H10
GATATCAACGCTACTA,3B-H10
CAGCGTTTCGCACACA,4B-H10
CAACTGTTTCATAAAT,1C-H10
AATTGCATTATTCGTC,1C-H10
AACCATTATGCACGTG,2C-H10
TCCAGAAAAAATGCGT,3C-H10
TTCTTGGAAAGTTTAA,4C-H10
GGCCATTCGCTTACTC,1D-H10
GCGAACCCTAACCGCT,2D-H10
TTTTCAGCTCGTACTC,3D-H10
GCGGCTTGTTTGATAC,4D-H10
ATTTCATTTTTGACCG,5E-H10
ATCAGCCTACACGGTC,6E-H10
TTCTGTGTTTTTCTAA,7E-H10
GCATTTGAACGCGGTT,8E-H10
CTTTGACTCTTATTAA,5F-H10
GCTTCTTCTAGTCTCT,6F-H10
GACTACGTCTAGCCGA,6F-H10
CTGACTGCTGGTTTAG,7F-H10
CGTCTATGTTATCCTT,8F-H10
CTTGTACGGGGTTATC,5G-H10
ACCCTCTTGCAAAGAG,5G-H10
TCTTTATCGGACTGTC,6G-H10
GACAAATCGTTGTCCG,8G-H10
CTTTTCTGACCTTCCG,5H-H10
TCATCACATCCAATTC,6H-H10
AACTTGTACTAGCTCA,7H-H10
TCTCCACCTAGGGCCA,8H-H10
TCCGCCACCAGCACAT,1A-H3
CGTCTTCTATTCGGCC,1A-H3
TATCTGCGTCACACAA,2A-H3
ACTTTGTGATCCAATC,2A-H3
ATGATATATATCGCGC,3A-H3
ATGTATATATTATCCG,3A-H3
CCTGTTAAATTTACAT,4A-H3
AATGAGATCATAGTGT,1B-H3
TTCTATATCACGATTC,2B-H3
GCCATAATGCATACCC,2B-H3
AGCAAGCTTTAGCAAT,3B-H3
TGCTCGGCCGTTGACT,3B-H3
CCCGCACCTTTCATTA,3B-H3
AATCAAAACCGGTTAC,3B-H3
CTCTTGTTCCTTAGCG,1C-H3
TATAATCAGGATTTAT,2C-H3
CGCAACTTACATCACA,3C-H3
TATGTGCTTACCCTAA,3C-H3
CTCTCACAGATAATAA,4C-H3
GCCTTCCTATAGCTCA,1D-H3
TCGCGACAAATGTACA,2D-H3
AGCTGTACCACTAATG,3D-H3
ACTGACTACAGGGGCG,4D-H3
TTCTCTTTTGCCGGCA,5E-H3
TTTGACCTCAATTCCC,6E-H3
TTACATAATCGAAGGC,7E-H3
GCTCGTATATAATACT,7E-H3
AAGAAGCTCAGTCTTA,8E-H3
AACAAACCTGGTTCTA,5F-H3
CATTCAGCTGTACCGA,6F-H3
GATGTGGCAAACTGAC,7F-H3
CACTTTGCCGTGAAAT,8F-H3
TTTACACACACGTTTC,5G-H3
AGGCACGAAGTCCGAA,5G-H3
TACACCGGAACCCGAC,6G-H3
ATGTACATATTGTATA,7G-H3
TATTATTATGTTAACC,8G-H3
TTTTTGGTTTTCAAAT,5H-H3
TATCAGCCTGATTCCT,6H-H3
TTGTTTGTTACGCACA,6H-H3
CTCCGAATTGGCCGAG,7H-H3
ACCTTTGCGATCTATA,8H-H3
TCATTGGGTAACTCGC,1A-H4
TTTCCTGTTACTTATT,2A-H4
AACCCACCTCCCGCTA,3A-H4
CTCGTCTTCGGATTAA,4A-H4
TTTAAACTTTAGTGCT,1B-H4
TCCCAGTCCTAAATGA,2B-H4
ACCGCTTCGGGTTTCC,3B-H4
TGAAAAGCCTACAGGT,4B-H4
CCCGGTCTCTCCATGT,4B-H4
ATGTGCATGACGCTAC,1C-H4
CGTTCTACTTCGGTTT,2C-H4
GCGGATTCTTTTGGCC,3C-H4
TAGGGCACGATTCTGT,4C-H4
TTTTAAATCCCCTCAA,1D-H4
TCTCTGGTTACAATCC,2D-H4
ACATCAGGTCTGTAAA,2D-H4
TAAGTCATATACGAGA,3D-H4
ATCCTTGCGTTGATGA,4D-H4
CCTATAACAAACCAGT,5E-H4
CATTCATCGAAGTATT,6E-H4
GTTACCGTTGATCCTA,7E-H4
ATTTCGTCTACAAAAC,8E-H4
AGTACACCTCGCACAA,5F-H4
AAATTGTGGGCGCGTA,6F-H4
CCTATACTACGAGTTC,7F-H4
AGGGTGTGATGTTGAC,8F-H4
GGTACAAGAATAAGAG,8F-H4
CTAATGCCGCAACGTT,5G-H4
CCTGTTGCAGTACTTG,6G-H4
TTTAATCTGCGACGAC,7G-H4
CCGCTTTGTCGGCCCA,8G-H4
ACCTTATATTAGTATT,5H-H4
GTTGGCTATGGCCCCG,5H-H4
TTCAACAACCCACTTC,6H-H4
TTTGATAATTATTCCT,7H-H4
TTTGCTTCTAACTCAT,8H-H4
TGTTTTTACATCCTCA,8H-H4
ACACGTCGGACCAACA,1A-H5
CGTCTAAACTCCAAGT,1A-H5
ATCCCGTTCCAACCAC,2A-H5
TGCTAATCATTCAACA,3A-H5
CCTGCGGTGGTCCCCA,4A-H5
TGCTGCTGGCCACGTC,1B-H5
TGTCTCAGGGATTCCC,2B-H5
AAGTAAGTCGTCCATA,3B-H5
ATACCCAATTACATCT,4B-H5
AGGTAACCGGGGTTGC,1C-H5
AAAGTTTGTCTCAATA,2C-H5
ACTAACGACTTACTTA,3C-H5
GGTTTGCGATCGGAAC,4C-H5
GCGGGAAAAATGTTGA,1D-H5
CGTAACGGTGTTTTTA,2D-H5
TGTATCTTCTCGAGAC,3D-H5
GTCTTTTAGCTTACAT,4D-H5
CTCAGGTGTCGTTTGG,5E-H5
TAGCCACAGAGTCTCT,6E-H5
CATATTAATTACGTGT,7E-H5
AGACATTAACACCGAC,8E-H5
CAAAGATCGCTTTTAT,5F-H5
AGTAAAGAACATTCCT,6F-H5
ACTAAGGTTAGCATTC,7F-H5
AACATGATGACCAAGC,8F-H5
CTGTTTCAGATCTCAC,5G-H5
TCCAAATCGGTATGCA,6G-H5
CCAGGTCGAACACCTT,7G-H5
CATCAACACGTTAATC,8G-H5
TTAGGACCGGTATTAT,8G-H5
TCTCTCTTATGATTGG,5H-H5
ATCTTAAACTAAAATT,6H-H5
TTATCTAGTCATTTAA,7H-H5
TAAATACCTCCTATGC,7H-H5
TTACGGGATAGAGTAC,8H-H5
GGTTCTTCCCTTACTA,1A-H6
CGGTTAGGGATCCTAG,2A-H6
ATTATTGTAGTTCGTG,3A-H6
AGTACTATTTACTTTT,4A-H6
GTCTAGATTGATAGTC,1B-H6
CGCTTCTTAATTACCT,2B-H6
TTCCTCGCAACATCTT,2B-H6
AGTCCTAACTTAGCTA,3B-H6
TTGCGTTAAGTCTTAT,4B-H6
CATCTACATTTTAGTC,4B-H6
ATCTGAGTTCATCTTA,1C-H6
CTTTTGCTTAGGCTGA,2C-H6
ATTCGGTAGAGTCTCT,3C-H6
TCGGGCTTCCTGGTTC,4C-H6
AAATCCTTATGAGAAT,1D-H6
GTTCATATGCTCTGCT,2D-H6
CAGTTAGGTCAGCTTG,3D-H6
TTTCGCCAAAACAAAC,4D-H6
GATTTACCGTCCAGTA,5E-H6
TGTCCGTGCATGGGCA,6E-H6
CCGTGAAATTCTCTTT,7E-H6
AGTTATAACGGGCTCC,8E-H6
AGGCTTTCGTCATTTT,5F-H6
ATTTATTTAAGTTTAA,6F-H6
TAGATGGTAGAACTGC,7F-H6
TTTTTTAAACCACTTG,8F-H6
ACACTTAGTTAATGCA,5G-H6
GGTTAGGATTTTACAG,6G-H6
TATCACTCTGTGGACT,7G-H6
TAGCGTCCCCATAATG,8G-H6
AACGCCTTACTTGGCA,5H-H6
TCTATGCTTTTGTCTA,6H-H6
TCTCTATTTTTTACCT,7H-H6
TTTAGAGGTGTGTAAA,7H-H6
ACTCAAGTTATCGGTT,8H-H6
TCGATATCGTGCTCCC,1A-H7
TACTTAACATTTTCGT,1A-H7
GAGCTCGTTGACTTTC,2A-H7
GCAAGGAATCATCATG,3A-H7
ATCGACGTTCATCTCA,4A-H7
GATATCGGCATTTCAG,4A-H7
GCCTGGAACATCTTAC,1B-H7
CTATCGTTCGCTCACA,1B-H7
CGGGCTGCCTAACCAT,2B-H7
TCAGCCAGCAAATGCT,3B-H7
CCGGGCGCTCATACGC,4B-H7
ATCTACTCTAACGTTA,1C-H7
GCGGTCAAGCACCCCC,2C-H7
CGTTAAAATAGAATTG,3C-H7
GATTTGAATTAAAGCC,4C-H7
CCTAAGGCGCTTTTTA,4C-H7
CTATCCTCGACCAGCC,1D-H7
TCCCCATTTTATGCGA,2D-H7
GCTTGAATTTCTCCCA,3D-H7
TAGTAGCTTTAGTTCG,3D-H7
CGTGCTCACATTACCT,4D-H7
TAAGAATCTGGGTTTA,4D-H7
TCTCTTGTATCTCGAT,5E-H7
AGAGTTTCTAAACCGT,6E-H7
AAGCGTACGTCTCCGC,7E-H7
TTTGTTGGGCTAAGAC,8E-H7
TGCACAATCTTGTACG,5F-H7
CACGCTTAGCCAATGT,6F-H7
CCGACCTATATAATCT,7F-H7
AAGGAGAATTCTGAAC,7F-H7
CTCGTTTCCCTTGTCG,7F-H7
TCCATTAGCTCATCTT,8F-H7
TTTCTATAGATCCTAT,5G-H7
GAGACTTGATTCCTTC,5G-H7
TTAACGGCTATAAAGG,6G-H7
GTCTGGTTGATAATTT,7G-H7
CTACAGGAGGTATCGC,8G-H7
CCATAAATATGCCGTG,5H-H7
AAATGGACCTTACTGC,6H-H7
GTTTTACGTTTCTTTT,6H-H7
ACCGATATTGACTGGA,7H-H7
TATCTTGTACCGGGAG,8H-H7
GGAGGGCTCGCCACTA,1A-H8
TCCGTGATAACCCAAC,2A-H8
GCTTTTTCCTCAAATC,3A-H8
CGCGTCAATTCTAGAA,4A-H8
AATATGTACTTCTCCC,1B-H8
TGGACTTCTCTTTTCA,2B-H8
CTTGGTTTAGTCAGCT,3B-H8
ACTGCAAACTCCGCAG,4B-H8
ACGCACCGAACTTAAA,1C-H8
GGTTACTTCCTGATTT,2C-H8
GCTGATGGTCTTCTCT,3C-H8
TATTTCTGACGGTCTT,4C-H8
CTTCCCGAGCAATATC,1D-H8
CATCTTTTGGATTTCC,2D-H8
TGTTTACTCATGTTAT,2D-H8
AACTTGTTGCCGCACC,3D-H8
GTGCACTTGGCTAGAA,4D-H8
GTGGTTTTTACGGGTC,5E-H8
TGCCATTTACTCTTTC,6E-H8
ATACCGAGGAGTTCTT,7E-H8
TTGCCCATATAGAGAC,8E-H8
TTTTGCCCTATACCCC,5F-H8
CGTTCTACGAACGGCA,6F-H8
CTCACCCGCTGGTGTA,7F-H8
CTTCCATGCCAAGTGT,8F-H8
GTACAGTCGTTATTAC,5G-H8
TAGATCCCCTAGCTCT,6G-H8
CTTATTTAATAGGCGG,7G-H8
TTATATTCTTGGACTT,8G-H8
AGTTGCCTCTCGATGT,5H-H8
GATACATTACACGTCT,6H-H8
TTTATCGCAGTTACGG,7H-H8
TGAGTTAATCCCCCAA,8H-H8
AGTTAACATTCATCAC,8H-H8
AGCTAGCATCCAGTAC,1A-H9
CGCGAATCCAATACGT,1A-H9
TTTATTCTTGTTGTCC,2A-H9
GTCTGCCGTTACGTAT,3A-H9
AGCCACTTACAAGGGA,3A-H9
ATGTAGAATTGGCACC,4A-H9
GATGAACAAAGGGTCT,1B-H9
GGCTTCTGTCCCACAG,2B-H9
CCATAGTCGTTGAACC,3B-H9
AATACGTTAACACATA,4B-H9
GAAACTTTATGCGTCA,1C-H9
TCAAAGAGTTCAACTA,2C-H9
CATTTTAGGCTAAAGC,2C-H9
TCTAGGTCTATGTCTA,3C-H9
CTCTGAGTAGGCTTGC,3C-H9
GTCCTATTAACTTTAG,4C-H9
GGCAACGTTTCCTTCT,1D-H9
TATTCTCTGTTCATAG,2D-H9
ATTGACCCCCGGATCA,2D-H9
GTTTGGCTTGAGCAAA,3D-H9
TTTCATTTAAGTCTGA,4D-H9
CACTCTATTAAAACGC,5E-H9
TCCGCTCCTAACTCGG,6E-H9
GACTTTGCTTTAAGAA,7E-H9
TTACCATTACATCGGT,8E-H9
AGTTCATAGTTCCCAA,5F-H9
ATTACAACGCTGAGAT,6F-H9
AAGGAATTAAATAATT,7F-H9
TCTACACCTTACCCCA,8F-H9
ATTGTATTTGAAACCA,5G-H9
CCCTGTTCCTCAGCAA,6G-H9
GACTGCCGCTATAAAC,7G-H9
TCTAGGGCAAGTATTG,8G-H9
CAGTCATTCTTCGAAA,5H-H9
TACGTATCTTACGCCG,6H-H9
CGCCTTCACGGTACCT,6H-H9
ATTAATATTACTGCTG,6H-H9
TTTATACCGCTATCAA,7H-H9
GCACTGATACAAAGCA,8H-H9
CCTCCAGTTTTTTTAT,1C-A7
CTTCTACAGTGTAGGT,2C-A9
TGTGTTTTTGTACTGA,2C-G10
TTCTCGTACTAAGCCG,3C-E9
CGCCAATCCTATTCGC,4C-D9
ACCCAAACAGCTTAAT,1C-E4
GTTACTTATCCTTGAG,1C-E4
TTACTCAACACCAATG,2A-A5
GTGAGTTCCATCGCTC,1C-A9
TTATCGTCTCGAGTCC,2C-A10
GTCCACCAATGCTCAG,2C-H10
AGTAACATCTTTAAAA,3C-F5
CTTTTTTTAAGTCTCA,4C-D9
TCGGATTACCGACCTA,1C-G10
CTTTCTAGTTTCTTCT,1C-G10
CTCAGCGCCAGGCGGT,4A-G4
CACGTACCCGATTCCT,1C-B10
ATCGTGAAATAGCTCA,2C-B4
AACAAGTTGCGGCATT,3C-A10
CTTTAACCATTCCTAG,4C-A8
CACCTATCCCAATCCT,4C-E4
ACAGCCTTACCGTTCT,1C-A4
TGACTTTGCTCGTCCC,1C-A4
ACGACAATTAGTGATC,4B-H3
TTAATCCGCTATGCCG,1C-D4
GTAAGTCTGACTTCCT,2C-B10
ATCATTAAGAAAGCTA,3C-B7
ACAGAAATAGCTTCCT,4C-B5
ATACAGAACAATTAAC,4C-E10
TGACTCCAAGAGCAAT,1C-B3
AGGTCCCTATTATCAC,2D-G6
CTCAGTACATATCAAA,1C-D7
CCACACCCATACAACC,2C-D6
TTAGTAGCTGTATTAT,3C-B9
GTAATGCCCAATCGCA,4C-B9
TACTATTATATATTCT,4C-G4
TATGTTGACCCCTTCT,3C-F4
CAACTGTTCCTTCTCG,3C-F4
TTGACGTCTTTAATTA,3D-D7
GGCTGTTAATTAAATA,1C-E3
TTATTATCATTGATAG,2C-E10
GACCCACTGTTCTCTC,3C-C10
TATAGTGTCCAATTCT,4C-C3
ATACCAATACAACTCA,4C-H5
CACGTAATCTTACGGC,3C-E6
TACTTGCTAGGATATC,3C-E6
TCCTCAATTTGAATGT,6G-E9
CGCGCAGCTTAGTTCG,1C-G6
CTAAACACCCGTTGAT,2C-F4
CTCGGTTATGCCCCCA,3C-E3
TATTTAATCAAGCTAA,4C-C4
TTTGTATCTGTAGTTC,4C-H6
CCTACTTTGAACGAAT,6H-F3
ATGATCACTTTGCTCA,1C-G8
TCTCTGAGAGACAACA,2C-F6
TATATTGTAATCTAAA,3C-E5
CTCTACTGTTCCAATT,4C-C10
CGCTAAAGTTTACTAG,6H-F3
TCTAGGTCAGCAAGTA,6G-E9
CATGCTTGGCGACACC,3D-D7
ACTTGAGCATAGTTAT,2D-G6
CATTTTTTGGTTGGTT,4B-H3
TTTACAGAGAATCTGT,4A-G4
AAAGTCGTTTATCATA,2A-A5
CACAGTGTGCCGGTTT,2A-A4
TTATCATATAGCACTT,1C-B4
GGCATCCGCTAACTCC,1C-E10
AACGAGGGTTTTATAA,1C-F4
CTTCGGGCTTCGTAAT,1C-A6
CTCGCGGACATACCCC,1B-B5
ATCTACTCAGTTAGAT,6H-D9
TATGGCAAAACAGTGC,3C-F7
ATCTCAGTCTCCTGCC,1B-G4
ATGCGCTCGCCTTCTC,1B-G5
AATGGGCACTCCAACG,1B-G6
CACTTTCTTTTTATGT,7G-H10
